-- MySQL dump 10.13  Distrib 8.0.43, for Win64 (x86_64)
--
-- Host: localhost    Database: claim
-- ------------------------------------------------------
-- Server version	8.0.43

/*!40101 SET @OLD_CHARACTER_SET_CLIENT=@@CHARACTER_SET_CLIENT */;
/*!40101 SET @OLD_CHARACTER_SET_RESULTS=@@CHARACTER_SET_RESULTS */;
/*!40101 SET @OLD_COLLATION_CONNECTION=@@COLLATION_CONNECTION */;
/*!50503 SET NAMES utf8mb4 */;
/*!40103 SET @OLD_TIME_ZONE=@@TIME_ZONE */;
/*!40103 SET TIME_ZONE='+00:00' */;
/*!40014 SET @OLD_UNIQUE_CHECKS=@@UNIQUE_CHECKS, UNIQUE_CHECKS=0 */;
/*!40014 SET @OLD_FOREIGN_KEY_CHECKS=@@FOREIGN_KEY_CHECKS, FOREIGN_KEY_CHECKS=0 */;
/*!40101 SET @OLD_SQL_MODE=@@SQL_MODE, SQL_MODE='NO_AUTO_VALUE_ON_ZERO' */;
/*!40111 SET @OLD_SQL_NOTES=@@SQL_NOTES, SQL_NOTES=0 */;

--
-- Table structure for table `intervention`
--

DROP TABLE IF EXISTS `intervention`;
/*!40101 SET @saved_cs_client     = @@character_set_client */;
/*!50503 SET character_set_client = utf8mb4 */;
CREATE TABLE `intervention` (
  `id` int NOT NULL AUTO_INCREMENT,
  `package_id` int NOT NULL,
  `code` varchar(255) NOT NULL,
  `name` varchar(255) DEFAULT NULL,
  `created_at` timestamp NULL DEFAULT CURRENT_TIMESTAMP,
  `is_complex` tinyint(1) NOT NULL DEFAULT '0',
  `created_by` varchar(255) DEFAULT NULL,
  `updated_by` varchar(255) DEFAULT NULL,
  `updated_at` timestamp NULL DEFAULT CURRENT_TIMESTAMP ON UPDATE CURRENT_TIMESTAMP,
  PRIMARY KEY (`id`),
  UNIQUE KEY `code` (`code`),
  KEY `package_id` (`package_id`),
  CONSTRAINT `intervention_ibfk_1` FOREIGN KEY (`package_id`) REFERENCES `package` (`id`) ON DELETE CASCADE
) ENGINE=InnoDB AUTO_INCREMENT=91 DEFAULT CHARSET=utf8mb4 COLLATE=utf8mb4_0900_ai_ci;
/*!40101 SET character_set_client = @saved_cs_client */;

--
-- Dumping data for table `intervention`
--

LOCK TABLES `intervention` WRITE;
/*!40000 ALTER TABLE `intervention` DISABLE KEYS */;
INSERT INTO `intervention` VALUES (1,1,'SHA-01-001','Ambulance Evacuations','2025-08-08 07:52:30',0,NULL,NULL,'2025-10-14 12:17:31'),(2,1,'SHA-01-002','Ambulance Evacuations','2025-08-08 07:52:30',0,NULL,NULL,'2025-10-14 12:17:31'),(3,1,'SHA-01-003','Cardiac/Respiratory Arrest','2025-08-08 07:52:30',0,NULL,NULL,'2025-10-14 12:17:31'),(4,1,'SHA-01-004','Major Trauma','2025-08-08 07:52:30',0,NULL,NULL,'2025-10-14 12:17:31'),(5,1,'SHA-01-005','Shock states','2025-08-08 07:52:30',0,NULL,NULL,'2025-10-14 12:17:31'),(6,1,'SHA-01-006','Altered level of consciousness','2025-08-08 07:52:30',0,NULL,NULL,'2025-10-14 12:17:31'),(7,1,'SHA-01-007','Severe respiratory distress','2025-08-08 07:52:30',0,NULL,NULL,'2025-10-14 12:17:31'),(8,1,'SHA-01-008','Seizures/Status epilepticus','2025-08-08 07:52:30',0,NULL,NULL,'2025-10-14 12:17:31'),(9,1,'SHA-01-010','Acute Cerebrovascular Accidents','2025-08-08 07:52:30',0,NULL,NULL,'2025-10-14 12:17:31'),(10,1,'SHA-01-011','Anti-Rabies','2025-08-08 07:52:30',0,NULL,NULL,'2025-10-14 12:17:31'),(11,1,'SHA-01-012','Anti-Snake Venom','2025-08-08 07:52:30',0,NULL,NULL,'2025-10-14 12:17:31'),(12,1,'SHA-01-013','Chest Pain','2025-08-08 07:52:30',0,NULL,NULL,'2025-10-14 12:17:31'),(13,2,'SHA-03-001','ICU Care','2025-08-12 10:28:31',0,NULL,NULL,'2025-10-14 12:17:31'),(14,2,'SHA-03-002','HDU Care','2025-08-12 10:28:31',0,NULL,NULL,'2025-10-14 12:17:31'),(15,2,'SHA-03-003','NICU Care','2025-08-12 10:28:31',1,NULL,NULL,'2025-10-14 12:17:31'),(16,2,'SHA-03-004','PICU Care','2025-08-12 10:28:31',1,NULL,NULL,'2025-10-14 12:17:31'),(17,2,'SHA-03-005','Intensive care Burns Unit','2025-08-12 10:28:31',1,NULL,NULL,'2025-10-14 12:17:31'),(18,3,'SHA-05-001','Consultation and prescription and issuing of glasses','2025-08-12 10:28:31',0,NULL,NULL,'2025-10-14 12:17:31'),(19,5,'SHA-07-001','Management of medical cases','2025-08-12 10:28:31',0,NULL,NULL,'2025-10-14 12:17:31'),(20,5,'SHA-07-002','Surgical Complications','2025-08-12 10:28:31',0,NULL,NULL,'2025-10-14 12:17:31'),(21,5,'SHA-07-005','Post-partum Complications','2025-08-12 10:28:31',0,NULL,NULL,'2025-10-14 12:17:31'),(22,5,'SHA-07-006','Neonatal Complications','2025-08-12 10:28:31',0,NULL,NULL,'2025-10-14 12:17:31'),(23,11,'SHA-16-001','Hemo dialysis','2025-08-12 10:28:31',0,NULL,NULL,'2025-10-14 12:17:31'),(24,11,'SHA-16-002','Hemodiafiltration','2025-08-12 10:28:31',0,NULL,NULL,'2025-10-14 12:17:31'),(25,11,'SHA-16-003','Permanent dialysis catheter','2025-08-12 10:28:31',0,NULL,NULL,'2025-10-14 12:17:31'),(26,11,'SHA-16-004','Peritoneal dialysis','2025-08-12 10:28:31',0,NULL,NULL,'2025-10-14 12:17:31'),(27,11,'SHA-16-005','Insertion of Continuous Ambulatory Peritoneal Dialysis (CAPD) catheter','2025-08-12 10:28:31',0,NULL,NULL,'2025-10-14 12:17:31'),(28,11,'SHA-16-006','Vascular access placement (catheters, AV fistula, AV graft)','2025-08-12 10:28:31',0,NULL,NULL,'2025-10-14 12:17:31'),(29,11,'SHA-16-007','Dialysis for acute kidney injury','2025-08-12 10:28:31',0,NULL,NULL,'2025-10-14 12:17:31'),(30,11,'SHA-16-008','Pre-transplant recipient evaluation','2025-08-12 10:28:31',0,NULL,NULL,'2025-10-14 12:17:31'),(31,11,'SHA-16-009','Renal Transplant (recipient)','2025-08-12 10:28:31',0,NULL,NULL,'2025-10-14 12:17:31'),(32,11,'SHA-16-010','Simple Nephrectomy','2025-08-12 10:28:31',0,NULL,NULL,'2025-10-14 12:17:31'),(33,11,'SHA-16-011','Post renal replacement therapy','2025-08-12 10:28:31',0,NULL,NULL,'2025-10-14 12:17:31'),(34,9,'SHA-12-001','Consultation','2025-08-12 10:28:31',0,NULL,NULL,'2025-10-14 12:17:31'),(35,9,'SHA-12-002','Laboratory investigations','2025-08-12 10:28:31',0,NULL,NULL,'2025-10-14 12:17:31'),(36,6,'SHA-08-004','Anti-D','2025-08-12 10:28:31',1,NULL,NULL,'2025-10-14 12:17:31'),(37,6,'SHA-08-005','Vaginal Delivery','2025-08-12 10:28:31',1,NULL,NULL,'2025-10-14 12:17:31'),(38,6,'SHA-08-006','Cesarean section','2025-08-12 10:28:31',1,NULL,NULL,'2025-10-14 12:17:31'),(39,4,'SHA-06-001','Histology Small Specimen','2025-08-12 10:28:31',0,NULL,NULL,'2025-10-14 12:17:31'),(40,4,'SHA-06-002','Histology Medium Specimen','2025-08-12 10:28:31',0,NULL,NULL,'2025-10-14 12:17:31'),(41,4,'SHA-06-003','Histology Large Specimen','2025-08-12 10:28:31',0,NULL,NULL,'2025-10-14 12:17:31'),(42,4,'SHA-06-004','Immunoperoxidase studies (Immunohistochemistry) per marker','2025-08-12 10:28:31',0,NULL,NULL,'2025-10-14 12:17:31'),(43,4,'SHA-06-005','Cytology (Gynae Cytology Vaginal or cervical smears, each)','2025-08-12 10:28:31',0,NULL,NULL,'2025-10-14 12:17:31'),(44,4,'SHA-06-006','Cytology Sputum, all body fluids and tumour aspirates: First unit','2025-08-12 10:28:31',0,NULL,NULL,'2025-10-14 12:17:31'),(45,4,'SHA-06-007','Cytology (performance of FNA procedure)','2025-08-12 10:28:31',0,NULL,NULL,'2025-10-14 12:17:31'),(46,4,'SHA-06-008','Flow cytometry (for diagnosis of leukaemia patients) per marker','2025-08-12 10:28:31',0,NULL,NULL,'2025-10-14 12:17:31'),(47,4,'SHA-06-009','Bone marrow aspiration cytological examination','2025-08-12 10:28:31',0,NULL,NULL,'2025-10-14 12:17:31'),(48,4,'SHA-06-010','Bone marrow trephine biopsy','2025-08-12 10:28:31',0,NULL,NULL,'2025-10-14 12:17:31'),(49,4,'SHA-06-011','Bone marrow aspiration procedure','2025-08-12 10:28:31',0,NULL,NULL,'2025-10-14 12:17:31'),(50,4,'SHA-06-012','Bone marrow trephine procedure','2025-08-12 10:28:31',0,NULL,NULL,'2025-10-14 12:17:31'),(51,4,'SHA-06-013','PCR analysis (for gene detection for cancer per marker profile)','2025-08-12 10:28:31',0,NULL,NULL,'2025-10-14 12:17:31'),(52,4,'SHA-06-014','Tumour markers (immunoassay / individual antibody test e.g. CA125, CA19-9, CA15-3, PSA, etc)','2025-08-12 10:28:31',0,NULL,NULL,'2025-10-14 12:17:31'),(53,4,'SHA-06-015','CT Scan for treatment planning','2025-08-12 10:28:31',0,NULL,NULL,'2025-10-14 12:17:31'),(54,4,'SHA-06-016','MRI','2025-08-12 10:28:31',0,NULL,NULL,'2025-10-14 12:17:31'),(55,4,'SHA-06-017','PET SCAN','2025-08-12 10:28:31',0,NULL,NULL,'2025-10-14 12:17:31'),(56,4,'SHA-06-018','PSMA PET SCAN','2025-08-12 10:28:31',0,NULL,NULL,'2025-10-14 12:17:31'),(57,4,'SHA-06-019','Radionucleide scan','2025-08-12 10:28:31',0,NULL,NULL,'2025-10-14 12:17:31'),(58,4,'SHA-06-020','Bone scan','2025-08-12 10:28:31',0,NULL,NULL,'2025-10-14 12:17:31'),(59,4,'SHA-06-021','Chemotherapy administration','2025-08-12 10:28:31',1,NULL,NULL,'2025-10-14 12:17:31'),(60,4,'SHA-06-022','Chemotherapy medicines','2025-08-12 10:28:31',1,NULL,NULL,'2025-10-14 12:17:31'),(61,4,'SHA-06-023','Brachytherapy','2025-08-12 10:28:31',0,NULL,NULL,'2025-10-14 12:17:31'),(62,4,'SHA-06-024','SBRT/SBRS','2025-08-12 10:28:31',0,NULL,NULL,'2025-10-14 12:17:31'),(63,4,'SHA-06-025','Radiotherapy','2025-08-12 10:28:31',1,NULL,NULL,'2025-10-14 12:17:31'),(64,4,'SHA-06-026','Red cell exchange','2025-08-12 10:28:31',0,NULL,NULL,'2025-10-14 12:17:31'),(65,4,'SHA-06-027','Apharetic platelet transfusion','2025-08-12 10:28:31',0,NULL,NULL,'2025-10-14 12:17:31'),(66,4,'SHA-06-028','Chemo port insertion','2025-08-12 10:28:31',0,NULL,NULL,'2025-10-14 12:17:31'),(67,4,'SHA-06-029','Full Blood Count','2025-08-12 10:28:31',0,NULL,NULL,'2025-10-14 12:17:31'),(68,4,'SHA-06-030','Urea/Electrolytes/Creatinine','2025-08-12 10:28:31',0,NULL,NULL,'2025-10-14 12:17:31'),(69,4,'SHA-06-031','Liver Function Tests','2025-08-12 10:28:31',0,NULL,NULL,'2025-10-14 12:17:31'),(70,8,'SHA-10-001','Behavioural Disorders','2025-08-12 10:28:31',0,NULL,NULL,'2025-10-14 12:17:31'),(71,8,'SHA-10-002','Neuro Development Disorders','2025-08-12 10:28:31',0,NULL,NULL,'2025-10-14 12:17:31'),(72,8,'SHA-10-003','Affective Disorders','2025-08-12 10:28:31',0,NULL,NULL,'2025-10-14 12:17:31'),(73,8,'SHA-10-004','Psychoactive Disorders','2025-08-12 10:28:31',0,NULL,NULL,'2025-10-14 12:17:31'),(74,8,'SHA-10-005','Rehabilitation for Drug & Substance Abuse','2025-08-12 10:28:31',0,NULL,NULL,'2025-10-14 12:17:31'),(75,10,'SHA-13-001','Palliative Care','2025-08-12 10:28:31',0,NULL,NULL,'2025-10-14 12:17:31'),(76,7,'SHA-09-001','CT Head with Contrast','2025-08-12 10:28:31',0,NULL,NULL,'2025-10-14 12:17:31'),(77,7,'SHA-09-012','CT Head non contrast','2025-08-12 10:28:31',0,NULL,NULL,'2025-10-14 12:17:31'),(78,7,'SHA-09-055','MRI Knee joint','2025-08-12 10:28:31',0,NULL,NULL,'2025-10-14 12:17:31'),(79,7,'SHA-09-065','MRI Neck and Post nasal space','2025-08-12 10:28:31',0,NULL,NULL,'2025-10-14 12:17:31'),(80,7,'SHA-09-074','Fluoroscopy','2025-08-12 10:28:31',0,NULL,NULL,'2025-10-14 12:17:31'),(81,7,'SHA-09-077','Echo: Transthoracic echocardiography_adult','2025-08-12 10:28:31',0,NULL,NULL,'2025-10-14 12:17:31'),(82,13,'SHA-19-309','Laparotomy: Ovarian cystectomy','2025-08-12 10:28:31',0,NULL,NULL,'2025-10-14 12:17:31'),(83,13,'SHA-19-324','Operative Laparoscopy: Ectopic Pregnancy','2025-08-12 10:28:31',0,NULL,NULL,'2025-10-14 12:17:31'),(84,13,'SHA-19-463','Total hip replacement (THR) (Including implants, MUST have a peer review of three doctors)','2025-08-12 10:28:31',0,NULL,NULL,'2025-10-14 12:17:31'),(85,13,'SHA-19-464','Total knee replacement (TKR) (Including implants, MUST have a peer review of three doctors)','2025-08-12 10:28:31',0,NULL,NULL,'2025-10-14 12:17:31'),(86,13,'SHA-19-474','Laparotomy: Intussusception','2025-08-12 10:28:31',0,NULL,NULL,'2025-10-14 12:17:31'),(87,13,'SHA-19-518','Orchidopexy bilateral','2025-08-12 10:28:31',0,NULL,NULL,'2025-10-14 12:17:31'),(88,13,'SHA-19-520','Penectomy','2025-08-12 10:28:31',0,NULL,NULL,'2025-10-14 12:17:31');
/*!40000 ALTER TABLE `intervention` ENABLE KEYS */;
UNLOCK TABLES;

--
-- Table structure for table `package`
--

DROP TABLE IF EXISTS `package`;
/*!40101 SET @saved_cs_client     = @@character_set_client */;
/*!50503 SET character_set_client = utf8mb4 */;
CREATE TABLE `package` (
  `id` int NOT NULL AUTO_INCREMENT,
  `code` varchar(255) NOT NULL,
  `name` varchar(255) DEFAULT NULL,
  `created_at` timestamp NULL DEFAULT CURRENT_TIMESTAMP,
  `is_preauth` tinyint(1) NOT NULL DEFAULT '0',
  `created_by` varchar(255) DEFAULT NULL,
  `updated_by` varchar(255) DEFAULT NULL,
  `updated_at` timestamp NULL DEFAULT CURRENT_TIMESTAMP ON UPDATE CURRENT_TIMESTAMP,
  PRIMARY KEY (`id`),
  UNIQUE KEY `code` (`code`)
) ENGINE=InnoDB AUTO_INCREMENT=16 DEFAULT CHARSET=utf8mb4 COLLATE=utf8mb4_0900_ai_ci;
/*!40101 SET character_set_client = @saved_cs_client */;

--
-- Dumping data for table `package`
--

LOCK TABLES `package` WRITE;
/*!40000 ALTER TABLE `package` DISABLE KEYS */;
INSERT INTO `package` VALUES (1,'SHA-01','Ambulance and Emergency Services','2025-08-08 07:24:00',0,NULL,NULL,'2025-10-14 12:17:31'),(2,'SHA-03','Critical Care Services','2025-08-08 07:24:00',0,NULL,NULL,'2025-10-14 12:17:31'),(3,'SHA-05','Optical Health Services','2025-08-08 07:24:00',0,NULL,NULL,'2025-10-14 12:17:31'),(4,'SHA-06','Hematology and Oncology Services','2025-08-08 07:24:00',1,NULL,NULL,'2025-10-14 12:17:31'),(5,'SHA-07','Inpatient','2025-08-08 07:24:00',0,NULL,NULL,'2025-10-14 12:17:31'),(6,'SHA-08','Maternity and Child Health Services','2025-08-08 07:24:00',0,NULL,NULL,'2025-10-14 12:17:31'),(7,'SHA-09','Medical Imaging & Other Investigations','2025-08-08 07:24:00',1,NULL,NULL,'2025-10-14 12:17:31'),(8,'SHA-10','Mental Wellness Services','2025-08-08 07:24:00',0,NULL,NULL,'2025-10-14 12:17:31'),(9,'SHA-12','Outpatient Services','2025-08-08 07:24:00',0,NULL,NULL,'2025-10-14 12:17:31'),(10,'SHA-13','Inpatient Services','2025-08-08 07:24:00',0,NULL,NULL,'2025-10-14 12:17:31'),(11,'SHA-16','Renal Care Services','2025-08-08 07:24:00',1,NULL,NULL,'2025-10-14 12:17:31'),(12,'SHA-18','Essential Diagnostic Laboratory listing for NCDs','2025-08-08 07:24:00',0,NULL,NULL,'2025-10-14 12:17:31'),(13,'SHA-19','Surgical Services','2025-08-08 07:24:00',1,NULL,NULL,'2025-10-14 12:17:31'),(14,'SHA-20','Overseas treatment','2025-08-08 07:24:00',0,NULL,NULL,'2025-10-14 12:17:31');
/*!40000 ALTER TABLE `package` ENABLE KEYS */;
UNLOCK TABLES;

--
-- Table structure for table `patient`
--

DROP TABLE IF EXISTS `patient`;
/*!40101 SET @saved_cs_client     = @@character_set_client */;
/*!50503 SET character_set_client = utf8mb4 */;
CREATE TABLE `patient` (
  `id` int NOT NULL AUTO_INCREMENT,
  `cr_id` varchar(255) NOT NULL,
  `name` varchar(255) NOT NULL,
  `gender` varchar(255) NOT NULL,
  `birthdate` varchar(255) NOT NULL,
  `national_id` varchar(255) DEFAULT NULL,
  `email` varchar(255) DEFAULT NULL,
  `system_value` varchar(255) DEFAULT NULL,
  `created_at` timestamp NULL DEFAULT CURRENT_TIMESTAMP,
  `updated_at` timestamp NULL DEFAULT CURRENT_TIMESTAMP ON UPDATE CURRENT_TIMESTAMP,
  PRIMARY KEY (`id`)
) ENGINE=InnoDB AUTO_INCREMENT=37 DEFAULT CHARSET=utf8mb4 COLLATE=utf8mb4_0900_ai_ci;
/*!40101 SET character_set_client = @saved_cs_client */;

--
-- Dumping data for table `patient`
--

LOCK TABLES `patient` WRITE;
/*!40000 ALTER TABLE `patient` DISABLE KEYS */;
INSERT INTO `patient` VALUES (8,'CR6303361356672-8','DESTINY KHAYASI SALANGO','female','2024-08-25','CR6303361356672-8','mail.mail.com','https://qa-mis.apeiro-digital.com/fhir/identifier}','2025-08-26 09:27:53','2025-10-14 12:17:30'),(9,'CR8118203239217-0','MAGDALENE KELEKYE ISAACK','female','1989-12-31','CR8118203239217-0','mail.mail.com','https://qa-mis.apeiro-digital.com/fhir/identifier}','2025-08-26 09:33:04','2025-10-14 12:17:30'),(10,'CR7246756181585-2','CHRISTINE NANYAMA KISAKA','female','1994-12-25','CR7246756181585-2','mail.mail.com','https://qa-mis.apeiro-digital.com/fhir/identifier}','2025-08-26 09:41:27','2025-10-14 12:17:30'),(11,'CR5511191521862-6','JACKLINE GICHANA KERUBO','female','1976-11-25','CR5511191521862-6','mail.mail.com','https://qa-mis.apeiro-digital.com/fhir/identifier}','2025-08-27 09:19:53','2025-10-14 12:17:30'),(12,'CR9477936235488-9','MILLICENT KIPTOO JERONO','female','1990-08-22','CR9477936235488-9','mail.mail.com','https://qa-mis.apeiro-digital.com/fhir/identifier}','2025-08-29 04:13:59','2025-10-14 12:17:30'),(13,'CR2186666088365-7','JULIET WEVETI KAMWITHA','female','1978-05-25','CR2186666088365-7','mail.mail.com','https://qa-mis.apeiro-digital.com/fhir/identifier}','2025-08-29 08:53:48','2025-10-14 12:17:30'),(14,'CR1394613391826-2','JANE MBULA MUOKI','female','1997-08-07','CR1394613391826-2','mail.mail.com','https://qa-mis.apeiro-digital.com/fhir/identifier}','2025-08-29 10:38:52','2025-10-14 12:17:30'),(15,'CR9537605340521-8','ROSE JUMA AWINO','female','1990-11-23','CR9537605340521-8','mail.mail.com','https://qa-mis.apeiro-digital.com/fhir/identifier}','2025-08-29 12:45:25','2025-10-14 12:17:30'),(16,'CR7934655869229-7','ROSEANNA WANJA NJUE','female','1965-12-31','CR7934655869229-7','mail.mail.com','https://qa-mis.apeiro-digital.com/fhir/identifier}','2025-08-29 12:48:24','2025-10-14 12:17:30'),(17,'CR5403249930546-7','DENIS MUIYA KITUKU','male','1991-08-08','CR5403249930546-7','mail.mail.com','https://qa-mis.apeiro-digital.com/fhir/identifier}','2025-09-01 08:35:41','2025-10-14 12:17:30'),(18,'CR3171344476146-0','JOHN MUTUA MUSAU','male','1995-09-16','CR3171344476146-0','mail.mail.com','https://qa-mis.apeiro-digital.com/fhir/identifier}','2025-09-01 10:04:25','2025-10-14 12:17:30'),(19,'CR7650959931229-9','PATIENCE LAURA AHONO IMUNGU','female','1995-03-27','CR7650959931229-9','mail.mail.com','https://qa-mis.apeiro-digital.com/fhir/identifier}','2025-09-02 13:00:43','2025-10-14 12:17:30'),(20,'CR6276095570504-0','PATRICIA NYAMBURA NDIRANGU','female','1970-04-17','CR6276095570504-0','mail.mail.com','https://qa-mis.apeiro-digital.com/fhir/identifier}','2025-09-02 13:01:00','2025-10-14 12:17:30'),(21,'CR3080989305719-3','PATRICIA WAHITO KIHARA','female','1986-08-06','CR3080989305719-3','mail.mail.com','https://qa-mis.apeiro-digital.com/fhir/identifier}','2025-09-02 13:01:14','2025-10-14 12:17:30'),(22,'CR7712555406004-4','SUSAN WAIRIMU MUBINGO','female','1964-12-31','CR7712555406004-4','mail.mail.com','https://qa-mis.apeiro-digital.com/fhir/identifier}','2025-09-02 13:02:12','2025-10-14 12:17:30'),(23,'CR0084698525672-7','OKITE AWUOR HERINE','male','1989-12-31','CR0084698525672-7','mail.mail.com','https://qa-mis.apeiro-digital.com/fhir/identifier}','2025-09-02 13:02:40','2025-10-14 12:17:30'),(24,'CR9105339482706-1','MOSE NYANGARESI BENFRED','male','1988-12-31','CR9105339482706-1','mail.mail.com','https://qa-mis.apeiro-digital.com/fhir/identifier}','2025-09-02 13:22:47','2025-10-14 12:17:30'),(25,'CR0847297702778-6','LILIAN NYAKIO','female','1999-07-14','CR0847297702778-6','mail.mail.com','https://qa-mis.apeiro-digital.com/fhir/identifier}','2025-09-02 14:02:34','2025-10-14 12:17:30'),(26,'CR8434562547338-7','JOHN KINYUA','male','1986-01-01','CR8434562547338-7','mail.mail.com','https://qa-mis.apeiro-digital.com/fhir/identifier}','2025-09-02 14:20:54','2025-10-14 12:17:30'),(27,'CR5191859758374-5','WENDY TRACY OPARI','female','2011-01-27','CR5191859758374-5','mail.mail.com','https://qa-mis.apeiro-digital.com/fhir/identifier}','2025-09-02 14:22:14','2025-10-14 12:17:30'),(28,'CR8276123788970-7','ANNVELA NJERU MUKAMI','female','1994-01-20','CR8276123788970-7','mail.mail.com','https://qa-mis.apeiro-digital.com/fhir/identifier}','2025-09-03 07:41:37','2025-10-14 12:17:30'),(29,'CR0395976099185-0','GRACE NDIRANGU WAMBUI','female','1994-03-03','CR0395976099185-0','mail.mail.com','https://qa-mis.apeiro-digital.com/fhir/identifier}','2025-09-03 07:58:35','2025-10-14 12:17:30'),(30,'CR7695181752608-8','RACHEL MURIITHI WANJIRU','female','1998-02-28','CR7695181752608-8','mail.mail.com','https://qa-mis.apeiro-digital.com/fhir/identifier}','2025-09-03 10:22:01','2025-10-14 12:17:30'),(31,'CR0277156798641-8','CAROLINE KARIMI NJERU','female','1992-11-07','CR0277156798641-8','mail.mail.com','https://qa-mis.apeiro-digital.com/fhir/identifier}','2025-09-03 10:26:52','2025-10-14 12:17:30'),(32,'CR9635182063743-4','IVY KALINDE ZAKAYO','female','1990-12-26','CR9635182063743-4','mail.mail.com','https://qa-mis.apeiro-digital.com/fhir/identifier}','2025-09-03 10:36:40','2025-10-14 12:17:30'),(33,'CR9322971803691-4','GLADYS KIPTUM','female','1987-12-31','CR9322971803691-4','mail.mail.com','https://qa-mis.apeiro-digital.com/fhir/identifier}','2025-09-03 13:01:29','2025-10-14 12:17:30'),(34,'CR5562540716464-2','BEATRICE NJERI MACHARIA','female','1991-05-15','CR5562540716464-2','mail.mail.com','https://qa-mis.apeiro-digital.com/fhir/identifier}','2025-09-04 07:42:32','2025-10-14 12:17:30'),(35,'CR8222725787093-6','SHUKRI HASSAN HIRAB','male','1999-06-06','CR8222725787093-6','mail.mail.com','https://qa-mis.apeiro-digital.com/fhir/identifier}','2025-09-05 07:51:10','2025-10-14 12:17:30'),(36,'CR9087158721524-5','PURITY WAWIRA NJOKI','female','2004-03-28','CR9087158721524-5','mail.mail.com','https://qa-mis.apeiro-digital.com/fhir/identifier}','2025-09-11 14:20:26','2025-10-14 12:17:30');
/*!40000 ALTER TABLE `patient` ENABLE KEYS */;
UNLOCK TABLES;

--
-- Table structure for table `practitioner`
--

DROP TABLE IF EXISTS `practitioner`;
/*!40101 SET @saved_cs_client     = @@character_set_client */;
/*!50503 SET character_set_client = utf8mb4 */;
CREATE TABLE `practitioner` (
  `id` int NOT NULL AUTO_INCREMENT,
  `pu_id` varchar(255) NOT NULL,
  `phone` varchar(255) DEFAULT NULL,
  `email` varchar(255) DEFAULT NULL,
  `address` varchar(255) DEFAULT NULL,
  `gender` varchar(255) NOT NULL,
  `national_id` varchar(255) DEFAULT NULL,
  `status` int DEFAULT NULL,
  `name` varchar(255) NOT NULL,
  `slade_code` varchar(255) DEFAULT NULL,
  `reg_number` varchar(255) DEFAULT NULL,
  `created_at` timestamp NULL DEFAULT CURRENT_TIMESTAMP,
  `updated_at` timestamp NULL DEFAULT CURRENT_TIMESTAMP ON UPDATE CURRENT_TIMESTAMP,
  PRIMARY KEY (`id`)
) ENGINE=InnoDB AUTO_INCREMENT=2 DEFAULT CHARSET=utf8mb4 COLLATE=utf8mb4_0900_ai_ci;
/*!40101 SET character_set_client = @saved_cs_client */;

--
-- Dumping data for table `practitioner`
--

LOCK TABLES `practitioner` WRITE;
/*!40000 ALTER TABLE `practitioner` DISABLE KEYS */;
INSERT INTO `practitioner` VALUES (1,'PUID-0004658-2','+254722***646','n***k@gmail.com','P.O BOX 1274 00208 NGONG','female','21342123',1,'Dr OMAO KEVIN NYAMBAKA','807460','A5079','2025-08-06 08:20:16','2025-10-14 12:17:30');
/*!40000 ALTER TABLE `practitioner` ENABLE KEYS */;
UNLOCK TABLES;

--
-- Table structure for table `provider`
--

DROP TABLE IF EXISTS `provider`;
/*!40101 SET @saved_cs_client     = @@character_set_client */;
/*!50503 SET character_set_client = utf8mb4 */;
CREATE TABLE `provider` (
  `id` int NOT NULL AUTO_INCREMENT,
  `f_id` varchar(255) NOT NULL,
  `name` varchar(255) NOT NULL,
  `level` varchar(255) NOT NULL,
  `slade_code` varchar(255) DEFAULT NULL,
  `status` int DEFAULT NULL,
  `created_at` timestamp NULL DEFAULT CURRENT_TIMESTAMP,
  `updated_at` timestamp NULL DEFAULT CURRENT_TIMESTAMP ON UPDATE CURRENT_TIMESTAMP,
  PRIMARY KEY (`id`),
  UNIQUE KEY `name` (`name`)
) ENGINE=InnoDB AUTO_INCREMENT=29 DEFAULT CHARSET=utf8mb4 COLLATE=utf8mb4_0900_ai_ci;
/*!40101 SET character_set_client = @saved_cs_client */;

--
-- Dumping data for table `provider`
--

LOCK TABLES `provider` WRITE;
/*!40000 ALTER TABLE `provider` DISABLE KEYS */;
INSERT INTO `provider` VALUES (2,'FID-20-103850-2','NGUGUINI DISPENSARY','LEVEL 2','5885',1,'2025-09-02 14:51:21','2025-10-14 12:17:30'),(3,'FID-45-116423-4','KISII TEACHING AND REFERRAL HOSPITAL','LEVEL 5','5885',1,'2025-09-03 10:11:20','2025-10-14 12:17:30'),(22,'FID-15-118451-9','BORDER POLICE HOSPITAL','LEVEL 4','5885',1,'2025-09-04 07:54:11','2025-10-14 12:17:30'),(28,'FID-47-108521-3','KENYATTA NATIONAL HOSPITAL','LEVEL 6A','5885',1,'2025-09-22 13:43:07','2025-10-14 12:17:30');
/*!40000 ALTER TABLE `provider` ENABLE KEYS */;
UNLOCK TABLES;

--
-- Table structure for table `result`
--

DROP TABLE IF EXISTS `result`;
/*!40101 SET @saved_cs_client     = @@character_set_client */;
/*!50503 SET character_set_client = utf8mb4 */;
CREATE TABLE `result` (
  `id` int NOT NULL AUTO_INCREMENT,
  `testcase_id` int NOT NULL,
  `result_status` int NOT NULL,
  `claim_id` varchar(255) DEFAULT NULL,
  `response_id` varchar(255) DEFAULT NULL,
  `status_code` varchar(255) DEFAULT NULL,
  `message` text,
  `detail` text,
  `created_at` timestamp NULL DEFAULT CURRENT_TIMESTAMP,
  `updated_at` timestamp NULL DEFAULT CURRENT_TIMESTAMP ON UPDATE CURRENT_TIMESTAMP,
  `created_by` varchar(255) DEFAULT NULL,
  `updated_by` varchar(255) DEFAULT NULL,
  PRIMARY KEY (`id`),
  KEY `testcase_id` (`testcase_id`),
  CONSTRAINT `result_ibfk_1` FOREIGN KEY (`testcase_id`) REFERENCES `testcase` (`id`) ON DELETE CASCADE
) ENGINE=InnoDB AUTO_INCREMENT=287 DEFAULT CHARSET=utf8mb4 COLLATE=utf8mb4_0900_ai_ci;
/*!40101 SET character_set_client = @saved_cs_client */;

--
-- Dumping data for table `result`
--

LOCK TABLES `result` WRITE;
/*!40000 ALTER TABLE `result` DISABLE KEYS */;
INSERT INTO `result` VALUES (1,46,0,NULL,NULL,'400','Failed to submit claim','Request failed with status code 400','2025-08-18 09:37:24','2025-08-18 09:37:24',NULL,NULL),(2,47,1,NULL,NULL,'400','Failed to submit claim','Request failed with status code 400','2025-08-18 09:39:25','2025-08-18 09:39:25',NULL,NULL),(3,51,1,NULL,NULL,'400','Failed to submit claim','Request failed with status code 400','2025-08-18 09:39:31','2025-08-18 09:39:31',NULL,NULL),(4,51,1,NULL,NULL,'400','Failed to submit claim','Request failed with status code 400','2025-08-18 09:40:43','2025-08-18 09:40:43',NULL,NULL),(5,47,1,NULL,NULL,'400','Failed to submit claim','Request failed with status code 400','2025-08-18 10:02:57','2025-08-18 10:02:57',NULL,NULL),(6,48,1,NULL,NULL,'400','Failed to submit claim','Request failed with status code 400','2025-08-18 10:03:00','2025-08-18 10:03:00',NULL,NULL),(7,47,1,NULL,NULL,'400','Failed to submit claim','Request failed with status code 400','2025-08-18 10:14:00','2025-08-18 10:14:00',NULL,NULL),(8,48,1,NULL,NULL,'400','Failed to submit claim','Request failed with status code 400','2025-08-18 10:14:03','2025-08-18 10:14:03',NULL,NULL),(9,47,1,NULL,NULL,'400','Failed to submit claim','Request failed with status code 400','2025-08-18 10:18:14','2025-08-18 10:18:14',NULL,NULL),(10,46,0,NULL,NULL,'400','Failed to submit claim','Request failed with status code 400','2025-08-18 10:24:02','2025-08-18 10:24:02',NULL,NULL),(11,50,0,NULL,NULL,'400','Failed to submit claim','Request failed with status code 400','2025-08-18 10:25:48','2025-08-18 10:25:48',NULL,NULL),(12,50,0,NULL,NULL,'400','Failed to submit claim','Request failed with status code 400','2025-08-18 10:26:05','2025-08-18 10:26:05',NULL,NULL),(13,49,0,NULL,NULL,'400','Failed to submit claim','Request failed with status code 400','2025-08-18 10:26:10','2025-08-18 10:26:10',NULL,NULL),(14,52,1,NULL,NULL,'400','Failed to submit claim','Request failed with status code 400','2025-08-18 10:26:22','2025-08-18 10:26:22',NULL,NULL),(15,46,1,'52110d0c-adda-4ed0-9068-7e721795a747',NULL,'200','Pending','Claim submitted successfully','2025-08-18 18:12:03','2025-08-18 18:12:03',NULL,NULL),(16,46,1,'ff0ab99d-cffa-4402-81af-e54a437d67b5',NULL,'200','Pending','Claim submitted successfully','2025-08-19 10:29:01','2025-08-19 10:29:01',NULL,NULL),(17,47,1,NULL,NULL,'400','Failed to submit claim','Request failed with status code 400','2025-08-19 14:13:48','2025-08-19 14:13:48',NULL,NULL),(18,48,1,NULL,NULL,'400','Failed to submit claim','Request failed with status code 400','2025-08-19 14:13:51','2025-08-19 14:13:51',NULL,NULL),(19,49,0,NULL,NULL,'400','Failed to submit claim','Request failed with status code 400','2025-08-19 14:13:56','2025-08-19 14:13:56',NULL,NULL),(20,50,0,NULL,NULL,'400','Failed to submit claim','Request failed with status code 400','2025-08-19 14:14:01','2025-08-19 14:14:01',NULL,NULL),(21,51,1,NULL,NULL,'400','Failed to submit claim','Request failed with status code 400','2025-08-19 14:14:07','2025-08-19 14:14:07',NULL,NULL),(22,52,1,NULL,NULL,'400','Failed to submit claim','Request failed with status code 400','2025-08-19 14:14:12','2025-08-19 14:14:12',NULL,NULL),(23,46,1,'f96bf8c0-62d8-46c2-a993-295176d4c41a',NULL,'200','Pending','Claim submitted successfully','2025-08-20 08:17:41','2025-08-20 08:17:41',NULL,NULL),(24,53,1,'d556526d-a4b9-4666-9ce0-07af8848a33c',NULL,'200','Pending','Claim submitted successfully','2025-08-20 11:36:15','2025-08-20 11:36:15',NULL,NULL),(25,54,1,'6c4eb0b5-5fe9-4970-937a-3964ac76f4d1',NULL,'200','Pending','Claim submitted successfully','2025-08-20 11:46:01','2025-08-20 11:46:01',NULL,NULL),(26,53,1,'21f5ea51-9ed3-47d7-a6a3-c5b029888958',NULL,'200','Pending','Claim submitted successfully','2025-08-20 13:32:28','2025-08-20 13:32:28',NULL,NULL),(27,55,1,NULL,NULL,'400','Failed to submit claim','Request failed with status code 400','2025-08-21 11:20:30','2025-08-21 11:20:30',NULL,NULL),(28,57,1,NULL,NULL,'400','Failed to submit claim','Request failed with status code 400','2025-08-21 11:26:44','2025-08-21 11:26:44',NULL,NULL),(29,57,0,'7a9dd580-9483-4eee-a2b3-d316c8f9fb3e',NULL,'200','Pending','Claim submitted successfully','2025-08-21 11:29:12','2025-08-21 11:29:12',NULL,NULL),(30,57,0,'2933db29-68bf-4806-af3d-8d54638f6ed9',NULL,'200','Pending','Claim submitted successfully','2025-08-21 11:29:21','2025-08-21 11:29:21',NULL,NULL),(31,57,0,'1743a4c3-dfa4-4d52-bd26-b30316054e9e',NULL,'200','Pending','Claim submitted successfully','2025-08-21 11:35:06','2025-08-21 11:35:06',NULL,NULL),(32,57,0,'e19e857c-3682-472c-b530-29141d5ea60c',NULL,'200','Decline','Claim submitted successfully','2025-08-21 11:35:41','2025-08-21 11:35:41',NULL,NULL),(33,57,0,'c39fb312-f950-4f4f-a935-c1e2215d0737',NULL,'200','Pending','Claim submitted successfully','2025-08-21 11:36:03','2025-08-21 11:36:03',NULL,NULL),(34,57,0,'611a14fc-de19-47f9-bb92-124cc47e8136',NULL,'200','Pending','Claim submitted successfully','2025-08-21 11:49:19','2025-08-21 11:49:19',NULL,NULL),(35,46,1,'fda99a7c-b6ba-44a8-9ad6-0edd0c7bd194',NULL,'200','Pending','Claim submitted successfully','2025-08-21 12:44:36','2025-08-21 12:44:36',NULL,NULL),(36,46,1,'778801a0-e135-4320-9b8b-edcfbcdaa45a',NULL,'200','Pending','Claim submitted successfully','2025-08-21 12:44:50','2025-08-21 12:44:50',NULL,NULL),(37,53,1,'6505399a-34b6-4c0d-b6c7-68e2e15f5cde',NULL,'200','Pending','Claim submitted successfully','2025-08-21 12:44:54','2025-08-21 12:44:54',NULL,NULL),(38,54,1,'415c148c-da9f-46c1-b3bb-4c8e7e9f8aeb',NULL,'200','Pending','Claim submitted successfully','2025-08-21 12:45:00','2025-08-21 12:45:00',NULL,NULL),(39,55,1,NULL,NULL,'400','Failed to submit claim','Request failed with status code 400','2025-08-21 12:45:04','2025-08-21 12:45:04',NULL,NULL),(40,56,1,NULL,NULL,'400','Failed to submit claim','Request failed with status code 400','2025-08-21 12:45:08','2025-08-21 12:45:08',NULL,NULL),(41,57,0,'b9b18df5-a61b-4373-a602-137c782dda26',NULL,'200','Pending','Claim submitted successfully','2025-08-21 12:45:12','2025-08-21 12:45:12',NULL,NULL),(42,57,0,'196dda84-d28d-4bee-83c1-9145314d3d12',NULL,'200','Pending','Claim submitted successfully','2025-08-21 14:15:29','2025-08-21 14:15:29',NULL,NULL),(43,57,0,'2f7b893b-a634-41e2-884a-95c8b6970229',NULL,'200','Pending','Claim submitted successfully','2025-08-21 14:21:43','2025-08-21 14:21:43',NULL,NULL),(44,57,0,'ca5239d7-4d9d-4f12-95e9-16d65bd76c1a',NULL,'200','Pending','Claim submitted successfully','2025-08-21 14:24:04','2025-08-21 14:24:04',NULL,NULL),(45,58,0,NULL,NULL,'400','Failed to submit claim','Request failed with status code 400','2025-08-25 11:53:30','2025-08-25 11:53:30',NULL,NULL),(46,59,0,NULL,NULL,'400','Failed to submit claim','Request failed with status code 400','2025-08-25 11:53:37','2025-08-25 11:53:37',NULL,NULL),(47,60,0,NULL,NULL,'400','Failed to submit claim','Request failed with status code 400','2025-08-25 11:53:41','2025-08-25 11:53:41',NULL,NULL),(48,61,0,NULL,NULL,'400','Failed to submit claim','Request failed with status code 400','2025-08-25 11:53:48','2025-08-25 11:53:48',NULL,NULL),(49,62,0,NULL,NULL,'400','Failed to submit claim','Request failed with status code 400','2025-08-25 11:53:51','2025-08-25 11:53:51',NULL,NULL),(50,63,1,NULL,NULL,'400','Failed to submit claim','Request failed with status code 400','2025-08-25 11:53:55','2025-08-25 11:53:55',NULL,NULL),(51,64,1,NULL,NULL,'400','Failed to submit claim','Request failed with status code 400','2025-08-25 11:53:58','2025-08-25 11:53:58',NULL,NULL),(52,65,1,NULL,NULL,'400','Failed to submit claim','Request failed with status code 400','2025-08-25 11:54:03','2025-08-25 11:54:03',NULL,NULL),(53,66,1,NULL,NULL,'400','Failed to submit claim','Request failed with status code 400','2025-08-25 11:54:07','2025-08-25 11:54:07',NULL,NULL),(54,67,0,NULL,NULL,'400','Failed to submit claim','Request failed with status code 400','2025-08-25 12:12:51','2025-08-25 12:12:51',NULL,NULL),(55,67,0,NULL,NULL,'400','Failed to submit claim','Request failed with status code 400','2025-08-25 12:13:41','2025-08-25 12:13:41',NULL,NULL),(56,46,0,NULL,NULL,'500','Unknown error occurred','Cannot read properties of undefined (reading \'message\')','2025-08-25 12:16:57','2025-08-25 12:16:57',NULL,NULL),(57,53,0,NULL,NULL,'500','Unknown error occurred','Cannot read properties of undefined (reading \'message\')','2025-08-25 12:17:01','2025-08-25 12:17:01',NULL,NULL),(58,54,0,NULL,NULL,'500','Unknown error occurred','Cannot read properties of undefined (reading \'message\')','2025-08-25 12:17:08','2025-08-25 12:17:08',NULL,NULL),(59,55,1,NULL,NULL,'400','Failed to submit claim','Request failed with status code 400','2025-08-25 12:17:11','2025-08-25 12:17:11',NULL,NULL),(60,56,1,NULL,NULL,'400','Failed to submit claim','Request failed with status code 400','2025-08-25 12:17:14','2025-08-25 12:17:14',NULL,NULL),(61,57,1,NULL,NULL,'500','Unknown error occurred','Cannot read properties of undefined (reading \'message\')','2025-08-25 12:17:18','2025-08-25 12:17:18',NULL,NULL),(62,46,0,NULL,NULL,'500','Unknown error occurred','Cannot read properties of undefined (reading \'message\')','2025-08-25 12:18:56','2025-08-25 12:18:56',NULL,NULL),(63,53,0,NULL,NULL,'500','Unknown error occurred','Cannot read properties of undefined (reading \'message\')','2025-08-25 12:18:59','2025-08-25 12:18:59',NULL,NULL),(64,54,0,NULL,NULL,'500','Unknown error occurred','Cannot read properties of undefined (reading \'message\')','2025-08-25 12:19:05','2025-08-25 12:19:05',NULL,NULL),(65,55,1,NULL,NULL,'400','Failed to submit claim','Request failed with status code 400','2025-08-25 12:19:09','2025-08-25 12:19:09',NULL,NULL),(66,56,1,NULL,NULL,'400','Failed to submit claim','Request failed with status code 400','2025-08-25 12:19:12','2025-08-25 12:19:12',NULL,NULL),(67,57,1,NULL,NULL,'500','Unknown error occurred','Cannot read properties of undefined (reading \'message\')','2025-08-25 12:19:16','2025-08-25 12:19:16',NULL,NULL),(68,46,0,NULL,NULL,'500','Unknown error occurred','Cannot read properties of undefined (reading \'message\')','2025-08-25 12:28:11','2025-08-25 12:28:11',NULL,NULL),(69,53,0,NULL,NULL,'500','Unknown error occurred','Cannot read properties of undefined (reading \'message\')','2025-08-25 12:28:15','2025-08-25 12:28:15',NULL,NULL),(70,54,0,NULL,NULL,'500','Unknown error occurred','Cannot read properties of undefined (reading \'message\')','2025-08-25 12:28:19','2025-08-25 12:28:19',NULL,NULL),(71,55,1,NULL,NULL,'400','Failed to submit claim','Request failed with status code 400','2025-08-25 12:28:22','2025-08-25 12:28:22',NULL,NULL),(72,56,1,NULL,NULL,'400','Failed to submit claim','Request failed with status code 400','2025-08-25 12:28:26','2025-08-25 12:28:26',NULL,NULL),(73,57,1,NULL,NULL,'500','Unknown error occurred','Cannot read properties of undefined (reading \'message\')','2025-08-25 12:28:30','2025-08-25 12:28:30',NULL,NULL),(74,67,0,NULL,NULL,'400','Failed to submit claim','Request failed with status code 400','2025-08-25 12:31:27','2025-08-25 12:31:27',NULL,NULL),(75,67,0,NULL,NULL,'400','Failed to submit claim','Request failed with status code 400','2025-08-25 12:32:11','2025-08-25 12:32:11',NULL,NULL),(76,67,0,NULL,NULL,'400','Failed to submit claim','Request failed with status code 400','2025-08-25 12:32:13','2025-08-25 12:32:13',NULL,NULL),(77,67,0,NULL,NULL,'400','Failed to submit claim','Request failed with status code 400','2025-08-25 12:33:04','2025-08-25 12:33:04',NULL,NULL),(78,67,0,NULL,NULL,'400','Failed to submit claim','Request failed with status code 400','2025-08-25 12:33:25','2025-08-25 12:33:25',NULL,NULL),(79,67,0,NULL,NULL,'400','Failed to submit claim','Request failed with status code 400','2025-08-25 12:38:26','2025-08-25 12:38:26',NULL,NULL),(80,67,0,NULL,NULL,'400','Failed to submit claim','Request failed with status code 400','2025-08-25 13:03:41','2025-08-25 13:03:41',NULL,NULL),(81,53,0,NULL,NULL,'500','Unknown error occurred','Cannot read properties of undefined (reading \'message\')','2025-08-25 13:05:22','2025-08-25 13:05:22',NULL,NULL),(82,53,0,NULL,NULL,'500','Unknown error occurred','Cannot read properties of undefined (reading \'message\')','2025-08-25 13:12:23','2025-08-25 13:12:23',NULL,NULL),(83,53,0,NULL,NULL,'500','Unknown error occurred','Cannot read properties of undefined (reading \'message\')','2025-08-25 13:12:50','2025-08-25 13:12:50',NULL,NULL),(84,53,0,NULL,NULL,'500','Unknown error occurred','Cannot read properties of undefined (reading \'message\')','2025-08-25 13:16:18','2025-08-25 13:16:18',NULL,NULL),(85,53,0,NULL,NULL,'500','Unknown error occurred','Cannot read properties of undefined (reading \'message\')','2025-08-25 13:16:57','2025-08-25 13:16:57',NULL,NULL),(86,53,0,NULL,NULL,'500','Unknown error occurred','Cannot read properties of undefined (reading \'message\')','2025-08-25 13:19:24','2025-08-25 13:19:24',NULL,NULL),(87,53,0,NULL,NULL,'500','Unknown error occurred','Cannot read properties of undefined (reading \'message\')','2025-08-25 13:20:45','2025-08-25 13:20:45',NULL,NULL),(88,53,0,NULL,NULL,'500','Unknown error occurred','Cannot read properties of undefined (reading \'message\')','2025-08-25 13:22:02','2025-08-25 13:22:02',NULL,NULL),(89,54,0,NULL,NULL,'500','Unknown error occurred','Cannot read properties of undefined (reading \'message\')','2025-08-25 13:25:05','2025-08-25 13:25:05',NULL,NULL),(90,54,0,NULL,NULL,'500','Unknown error occurred','Cannot read properties of undefined (reading \'message\')','2025-08-25 13:26:26','2025-08-25 13:26:26',NULL,NULL),(91,54,0,NULL,NULL,'500','Unknown error occurred','Cannot read properties of undefined (reading \'message\')','2025-08-25 13:28:19','2025-08-25 13:28:19',NULL,NULL),(92,54,0,NULL,NULL,'500','Unknown error occurred','API call failed with status 201','2025-08-25 13:30:57','2025-08-25 13:30:57',NULL,NULL),(93,46,0,NULL,NULL,'500','Unknown error occurred','API call failed with status 201','2025-08-25 13:31:39','2025-08-25 13:31:39',NULL,NULL),(94,46,0,NULL,NULL,'500','Unknown error occurred','API call failed with status 201','2025-08-25 13:32:44','2025-08-25 13:32:44',NULL,NULL),(95,46,0,NULL,NULL,'500','Unknown error occurred','API call failed with status 201','2025-08-25 13:35:34','2025-08-25 13:35:34',NULL,NULL),(96,46,0,NULL,NULL,'500','Unknown error occurred','API call failed with status 201','2025-08-25 13:36:09','2025-08-25 13:36:09',NULL,NULL),(97,46,0,NULL,NULL,'500','Unknown error occurred','API call failed with status 201','2025-08-25 13:37:15','2025-08-25 13:37:15',NULL,NULL),(98,53,0,NULL,NULL,'500','Unknown error occurred','API call failed with status 201','2025-08-25 13:37:18','2025-08-25 13:37:18',NULL,NULL),(99,54,0,NULL,NULL,'500','Unknown error occurred','API call failed with status 201','2025-08-25 13:37:22','2025-08-25 13:37:22',NULL,NULL),(100,55,1,NULL,NULL,'400','Failed to submit claim','Request failed with status code 400','2025-08-25 13:37:26','2025-08-25 13:37:26',NULL,NULL),(101,56,1,NULL,NULL,'400','Failed to submit claim','Request failed with status code 400','2025-08-25 13:37:29','2025-08-25 13:37:29',NULL,NULL),(102,57,1,NULL,NULL,'500','Unknown error occurred','API call failed with status 201','2025-08-25 13:37:34','2025-08-25 13:37:34',NULL,NULL),(103,53,0,NULL,NULL,'500','Unknown error occurred','API call failed with status 201','2025-08-25 13:39:08','2025-08-25 13:39:08',NULL,NULL),(104,53,0,NULL,NULL,'500','Unknown error occurred','API call failed with status 201','2025-08-25 13:42:32','2025-08-25 13:42:32',NULL,NULL),(105,53,0,NULL,NULL,'500','Unknown error occurred','API call failed with status 201','2025-08-25 13:43:19','2025-08-25 13:43:19',NULL,NULL),(106,53,0,NULL,NULL,'500','Unknown error occurred','API call failed with status 201','2025-08-25 13:45:06','2025-08-25 13:45:06',NULL,NULL),(107,53,0,NULL,NULL,'500','Unknown error occurred','API call failed with status 201','2025-08-25 13:46:50','2025-08-25 13:46:50',NULL,NULL),(108,53,0,NULL,NULL,'500','Unknown error occurred','API call failed with status 201','2025-08-25 13:49:22','2025-08-25 13:49:22',NULL,NULL),(109,53,0,NULL,NULL,'500','Unknown error occurred','API call failed with status 201','2025-08-25 13:49:47','2025-08-25 13:49:47',NULL,NULL),(110,53,0,NULL,NULL,'500','Unknown error occurred','API call failed with status 201','2025-08-25 13:57:07','2025-08-25 13:57:07',NULL,NULL),(111,53,0,NULL,NULL,'500','Unknown error occurred','API call failed with status 201','2025-08-25 13:57:35','2025-08-25 13:57:35',NULL,NULL),(112,46,0,NULL,NULL,'500','Unknown error occurred','API call failed with status 201','2025-08-25 14:02:15','2025-08-25 14:02:15',NULL,NULL),(113,53,0,NULL,NULL,'500','Unknown error occurred','API call failed with status 201','2025-08-25 14:02:18','2025-08-25 14:02:18',NULL,NULL),(114,54,0,NULL,NULL,'500','Unknown error occurred','API call failed with status 201','2025-08-25 14:02:22','2025-08-25 14:02:22',NULL,NULL),(115,55,1,NULL,NULL,'400','Failed to submit claim','Request failed with status code 400','2025-08-25 14:02:26','2025-08-25 14:02:26',NULL,NULL),(116,56,1,NULL,NULL,'400','Failed to submit claim','Request failed with status code 400','2025-08-25 14:02:29','2025-08-25 14:02:29',NULL,NULL),(117,57,1,NULL,NULL,'500','Unknown error occurred','API call failed with status 201','2025-08-25 14:02:33','2025-08-25 14:02:33',NULL,NULL),(118,53,0,NULL,NULL,'500','Unknown error occurred','API call failed with status 201','2025-08-25 14:03:32','2025-08-25 14:03:32',NULL,NULL),(119,53,0,'3c173fd6-ab89-4341-8cb4-7c9bc8b87d62',NULL,'200','Pending','Claim submitted successfully','2025-08-25 14:08:52','2025-08-25 14:08:52',NULL,NULL),(120,53,0,'4957ec4d-0196-41c2-bab9-4d7795228517',NULL,'200','Pending','Claim submitted successfully','2025-08-25 14:13:33','2025-08-25 14:13:33',NULL,NULL),(121,53,0,'35eebc3b-c78c-4ea0-895d-2b740f953237',NULL,'200','Approved','Claim submitted successfully','2025-08-25 14:16:27','2025-08-25 14:16:27',NULL,NULL),(122,53,0,'be275c6d-564c-4673-85c7-f66373647ac9',NULL,'200','Pending','Claim submitted successfully','2025-08-25 14:17:34','2025-08-25 14:17:34',NULL,NULL),(123,67,0,'error-no-claim-id',NULL,'400','Failed to submit claim','Request failed with status code 400','2025-08-25 14:31:00','2025-08-25 14:31:00',NULL,NULL),(124,67,0,'error-no-claim-id',NULL,'400','Failed to submit claim','Request failed with status code 400','2025-08-25 14:38:20','2025-08-25 14:38:20',NULL,NULL),(125,67,0,'error-no-claim-id',NULL,'400','Failed to submit claim','Request failed with status code 400','2025-08-25 14:41:50','2025-08-25 14:41:50',NULL,NULL),(126,67,0,'error-no-claim-id',NULL,'400','Failed to submit claim','Request failed with status code 400','2025-08-25 14:43:48','2025-08-25 14:43:48',NULL,NULL),(127,67,0,'error-no-claim-id',NULL,'400','Failed to submit claim','Request failed with status code 400','2025-08-25 20:27:39','2025-08-25 20:27:39',NULL,NULL),(128,67,0,'error-no-claim-id',NULL,'400','Failed to submit claim','Request failed with status code 400','2025-08-25 20:32:38','2025-08-25 20:32:38',NULL,NULL),(129,67,0,'error-no-claim-id',NULL,'400','Failed to submit claim','Request failed with status code 400','2025-08-25 20:37:06','2025-08-25 20:37:06',NULL,NULL),(130,67,0,'error-no-claim-id',NULL,'400','Failed to submit claim','Request failed with status code 400','2025-08-25 20:39:56','2025-08-25 20:39:56',NULL,NULL),(131,67,0,'error-no-claim-id',NULL,'400','Failed to submit claim','Request failed with status code 400','2025-08-25 20:40:36','2025-08-25 20:40:36',NULL,NULL),(132,67,0,'error-no-claim-id',NULL,'400','Failed to submit claim','Request failed with status code 400','2025-08-25 20:41:30','2025-08-25 20:41:30',NULL,NULL),(133,67,0,'error-no-claim-id',NULL,'400','Failed to submit claim','Request failed with status code 400','2025-08-25 20:42:03','2025-08-25 20:42:03',NULL,NULL),(134,67,0,'error-no-claim-id',NULL,'400','Failed to submit claim','Request failed with status code 400','2025-08-25 20:42:36','2025-08-25 20:42:36',NULL,NULL),(135,67,0,'error-no-claim-id',NULL,'400','Failed to submit claim','Request failed with status code 400','2025-08-25 20:43:00','2025-08-25 20:43:00',NULL,NULL),(136,67,0,'error-no-claim-id',NULL,'400','Failed to submit claim','Request failed with status code 400','2025-08-25 20:43:48','2025-08-25 20:43:48',NULL,NULL),(137,53,0,'ed62165e-17be-4e68-8ddf-921349782c73',NULL,'200','Pending','Claim submitted successfully','2025-08-26 14:16:06','2025-08-26 14:16:06',NULL,NULL),(138,53,0,'18d8a454-dfce-479c-b2fd-5bce947c33de',NULL,'200','Approved','Claim submitted successfully','2025-08-26 14:22:26','2025-08-26 14:22:26',NULL,NULL),(139,53,0,'5da5cac8-fd31-4b55-b2ec-cee8281e31c1',NULL,'200','Pending','Claim submitted successfully','2025-08-26 14:23:24','2025-08-26 14:23:24',NULL,NULL),(140,53,0,'0e6ecba9-6906-4b5a-be83-95ac0637a4f1',NULL,'200','Pending','Claim submitted successfully','2025-08-26 14:28:48','2025-08-26 14:28:48',NULL,NULL),(141,53,0,'ca5b8e34-f6a7-49a7-b12f-f998ad2b6526',NULL,'200','Pending','Claim submitted successfully','2025-08-26 14:38:22','2025-08-26 14:38:22',NULL,NULL),(142,53,0,'89ea28e2-b6e9-456f-b4f0-36fe6289ee60',NULL,'200','Pending','Claim submitted successfully','2025-08-26 14:54:32','2025-08-26 14:54:32',NULL,NULL),(143,53,0,'bac5f266-b2d8-458b-a7be-0a483ea6400c',NULL,'200','Pending','Claim submitted successfully','2025-08-26 14:55:31','2025-08-26 14:55:31',NULL,NULL),(144,55,1,'error-no-claim-id',NULL,'400','Failed to submit claim','Request failed with status code 400','2025-08-26 14:57:47','2025-08-26 14:57:47',NULL,NULL),(145,47,1,'error-no-claim-id',NULL,'400','Failed to submit claim','Request failed with status code 400','2025-08-27 07:14:31','2025-08-27 07:14:31',NULL,NULL),(146,51,1,'error-no-claim-id',NULL,'400','Failed to submit claim','Request failed with status code 400','2025-08-27 07:15:16','2025-08-27 07:15:16',NULL,NULL),(147,46,0,'381a0d3f-67a4-411e-9be2-3b199d4f52ec',NULL,'200','Pending','Claim submitted successfully','2025-08-27 07:18:53','2025-08-27 07:18:53',NULL,NULL),(148,55,1,'error-no-claim-id',NULL,'400','Failed to submit claim','Request failed with status code 400','2025-08-27 07:19:20','2025-08-27 07:19:20',NULL,NULL),(149,58,0,'error-no-claim-id',NULL,'400','Failed to submit claim','Request failed with status code 400','2025-08-27 07:20:56','2025-08-27 07:20:56',NULL,NULL),(150,48,1,'error-no-claim-id',NULL,'400','Failed to submit claim','Request failed with status code 400','2025-08-27 07:21:53','2025-08-27 07:21:53',NULL,NULL),(151,50,0,'error-no-claim-id',NULL,'400','Failed to submit claim','Request failed with status code 400','2025-08-27 07:22:50','2025-08-27 07:22:50',NULL,NULL),(152,48,0,'error-no-claim-id',NULL,'400','Failed to submit claim','Request failed with status code 400','2025-08-27 07:25:59','2025-08-27 07:25:59',NULL,NULL),(153,47,0,'d31f128e-7564-4a21-8e12-6a0143847f02',NULL,'200','Pending','Claim submitted successfully','2025-08-27 08:06:11','2025-08-27 08:06:11',NULL,NULL),(154,48,0,'error-no-claim-id',NULL,'400','Failed to submit claim','Request failed with status code 400','2025-08-27 08:06:38','2025-08-27 08:06:38',NULL,NULL),(155,60,0,'7ff78724-6bd5-462c-9a1f-ccc67599f88d',NULL,'200','Pending','Claim submitted successfully','2025-08-27 09:23:15','2025-08-27 09:23:15',NULL,NULL),(156,63,1,'error-no-claim-id',NULL,'400','Failed to submit claim','Request failed with status code 400','2025-08-27 09:26:23','2025-08-27 09:26:23',NULL,NULL),(157,63,0,'659d9f58-1794-4157-960a-79696393a401',NULL,'200','Rejected','Claim submitted successfully','2025-08-27 09:27:58','2025-08-27 09:27:58',NULL,NULL),(158,67,0,'error-no-claim-id',NULL,'400','Failed to submit claim','Request failed with status code 400','2025-08-27 12:17:29','2025-08-27 12:17:29',NULL,NULL),(159,67,0,'error-no-claim-id',NULL,'400','Failed to submit claim','Request failed with status code 400','2025-08-27 12:18:21','2025-08-27 12:18:21',NULL,NULL),(160,67,0,'error-no-claim-id',NULL,'400','Failed to submit claim','Request failed with status code 400','2025-08-27 12:25:40','2025-08-27 12:25:40',NULL,NULL),(161,69,0,'b26a784d-27ac-4573-878b-856a49e60f60',NULL,'200','Pending','Preauthorized claim submitted successfully','2025-08-27 14:32:23','2025-08-27 14:32:23',NULL,NULL),(162,75,0,'error-no-claim-id',NULL,'400','Failed to submit claim','Request failed with status code 400','2025-08-27 15:00:23','2025-08-27 15:00:23',NULL,NULL),(163,75,0,'error-no-claim-id',NULL,'400','Failed to submit claim','Request failed with status code 400','2025-08-27 15:02:38','2025-08-27 15:02:38',NULL,NULL),(164,75,0,'error-no-claim-id',NULL,'500','Failed to submit claim','Request failed with status code 500','2025-08-27 15:05:07','2025-08-27 15:05:07',NULL,NULL),(165,75,0,'error-no-claim-id',NULL,'400','Failed to submit claim','Request failed with status code 400','2025-08-27 15:05:47','2025-08-27 15:05:47',NULL,NULL),(166,75,0,'593a9a1b-65ec-462b-9db1-b92f3228f6e7',NULL,'200','Pending','Claim submitted successfully','2025-08-27 15:06:43','2025-08-27 15:06:43',NULL,NULL),(167,69,0,'138e3499-7a85-40ee-ab7c-0291c202a606',NULL,'200','Pending','Preauthorized claim submitted successfully','2025-08-28 10:01:56','2025-08-28 10:01:56',NULL,NULL),(168,46,0,'ecfa434e-3e70-4a29-b3a0-bab8ecd944fd',NULL,'200','Pending','Claim submitted successfully','2025-08-28 15:15:02','2025-08-28 15:15:02',NULL,NULL),(169,47,1,'error-no-claim-id',NULL,'400','Failed to submit claim','Request failed with status code 400','2025-08-28 18:47:17','2025-08-28 18:47:17',NULL,NULL),(170,46,0,'de2ca94b-8457-4c14-b739-9481c0eec739',NULL,'200','Pending','Claim submitted successfully','2025-08-28 21:06:53','2025-08-28 21:06:53',NULL,NULL),(171,69,0,'8059dead-41ac-44fb-b293-eaf0d4f4b4ab',NULL,'200','Pending','Preauthorized claim submitted successfully','2025-08-29 08:00:36','2025-08-29 08:00:36',NULL,NULL),(172,76,0,'error-no-claim-id',NULL,'400','Failed to submit claim','Request failed with status code 400','2025-08-29 08:00:51','2025-08-29 08:00:51',NULL,NULL),(173,78,0,'error-no-claim-id',NULL,'400','Failed to submit claim','Request failed with status code 400','2025-08-29 08:03:13','2025-08-29 08:03:13',NULL,NULL),(174,79,0,'8809bc16-64e3-4eb9-aec4-61d6fcbc8644',NULL,'200','Pending','Claim submitted successfully','2025-08-29 08:04:10','2025-08-29 08:04:10',NULL,NULL),(175,80,0,'f79650fc-9b07-47e5-a45c-25a8448a5276',NULL,'200','Pending','Preauthorized claim submitted successfully','2025-08-29 08:04:40','2025-08-29 08:04:40',NULL,NULL),(176,85,0,'error-no-claim-id',NULL,'400','Failed to submit claim','Request failed with status code 400','2025-08-29 13:05:29','2025-08-29 13:05:29',NULL,NULL),(177,75,0,'1ebbd473-a081-44ba-8b29-9af14c72e0b2',NULL,'200','Pending','Claim submitted successfully','2025-09-02 12:22:40','2025-09-02 12:22:40',NULL,NULL),(178,81,0,'656bc358-6204-4a7a-b909-5f6fa143f6ea',NULL,'200','Pending','Claim submitted successfully','2025-09-02 12:39:00','2025-09-02 12:39:00',NULL,NULL),(179,82,0,'f44cf9ea-a4f3-4564-98d9-02317023665f',NULL,'200','Pending','Claim submitted successfully','2025-09-02 12:39:05','2025-09-02 12:39:05',NULL,NULL),(180,81,0,'error-no-claim-id',NULL,'400','Failed to submit claim','Request failed with status code 400','2025-09-02 12:56:07','2025-09-02 12:56:07',NULL,NULL),(181,82,0,'error-no-claim-id',NULL,'400','Failed to submit claim','Request failed with status code 400','2025-09-02 12:56:10','2025-09-02 12:56:10',NULL,NULL),(182,83,0,'error-no-claim-id',NULL,'400','Failed to submit claim','Request failed with status code 400','2025-09-02 12:56:13','2025-09-02 12:56:13',NULL,NULL),(183,84,0,'b35c2a7d-5a04-4d59-acc8-00c6529ffe3d',NULL,'200','Pending','Claim submitted successfully','2025-09-02 12:56:19','2025-09-02 12:56:19',NULL,NULL),(184,85,0,'error-no-claim-id',NULL,'400','Failed to submit claim','Request failed with status code 400','2025-09-02 12:56:22','2025-09-02 12:56:22',NULL,NULL),(185,81,0,'bab2a49d-e75e-41e1-ad3a-f5a99f52f4a2',NULL,'200','Pending','Claim submitted successfully','2025-09-02 13:02:52','2025-09-02 13:02:52',NULL,NULL),(186,82,0,'f44fef1d-99dc-45e6-96f3-a92e9dfc6bae',NULL,'200','Pending','Claim submitted successfully','2025-09-02 13:02:58','2025-09-02 13:02:58',NULL,NULL),(187,83,0,'0693f07a-855b-4839-8bd0-b450e654d519',NULL,'200','Pending','Claim submitted successfully','2025-09-02 13:03:03','2025-09-02 13:03:03',NULL,NULL),(188,84,0,'error-no-claim-id',NULL,'400','Failed to submit claim','Request failed with status code 400','2025-09-02 13:03:06','2025-09-02 13:03:06',NULL,NULL),(189,85,0,'error-no-claim-id',NULL,'400','Failed to submit claim','Request failed with status code 400','2025-09-02 13:03:10','2025-09-02 13:03:10',NULL,NULL),(190,86,0,'93297fe1-7cdd-4a26-9c76-a9ee82b3fb28',NULL,'200','Pending','Claim submitted successfully','2025-09-02 13:53:36','2025-09-02 13:53:36',NULL,NULL),(191,88,1,'error-no-claim-id',NULL,'400','Failed to submit claim','Request failed with status code 400','2025-09-02 14:02:00','2025-09-02 14:02:00',NULL,NULL),(192,88,1,'error-no-claim-id',NULL,'400','Failed to submit claim','Request failed with status code 400','2025-09-02 14:02:36','2025-09-02 14:02:36',NULL,NULL),(193,82,0,'cef3d87c-44f9-4c9d-8a15-bc34a3fc2109',NULL,'200','Pending','Claim submitted successfully','2025-09-02 14:24:39','2025-09-02 14:24:39',NULL,NULL),(194,69,0,'64508adf-c173-4426-840a-b82c288856c2',NULL,'200','Pending','Preauthorized claim submitted successfully','2025-09-02 14:38:41','2025-09-02 14:38:41',NULL,NULL),(195,89,0,'error-no-claim-id',NULL,'400','Failed to submit claim','Request failed with status code 400','2025-09-03 07:40:21','2025-09-03 07:40:21',NULL,NULL),(196,89,0,'adaf482d-0c24-48e0-b757-4d799c9801b8',NULL,'200','Pending','Claim submitted successfully','2025-09-03 07:41:44','2025-09-03 07:41:44',NULL,NULL),(197,90,1,'error-no-claim-id',NULL,'400','Failed to submit claim','Request failed with status code 400','2025-09-03 07:57:44','2025-09-03 07:57:44',NULL,NULL),(198,90,1,'error-no-claim-id',NULL,'400','Failed to submit claim','Request failed with status code 400','2025-09-03 07:58:10','2025-09-03 07:58:10',NULL,NULL),(199,90,0,'161077c4-dfde-4ed0-910b-27b3d0a24dd9',NULL,'200','Pending','Claim submitted successfully','2025-09-03 07:58:40','2025-09-03 07:58:40',NULL,NULL),(200,89,0,'ef28c550-56e5-4508-b15a-ba5578652a76',NULL,'200','Pending','Claim submitted successfully','2025-09-03 07:59:37','2025-09-03 07:59:37',NULL,NULL),(201,81,0,'error-no-claim-id',NULL,'400','Failed to submit claim','Request failed with status code 400','2025-09-03 10:21:10','2025-09-03 10:21:10',NULL,NULL),(202,81,0,'error-no-claim-id',NULL,'400','Failed to submit claim','Request failed with status code 400','2025-09-03 10:21:35','2025-09-03 10:21:35',NULL,NULL),(203,81,0,'7e9ffe67-0e2e-4adc-ab02-545ae61ec45a',NULL,'200','Pending','Claim submitted successfully','2025-09-03 10:22:08','2025-09-03 10:22:08',NULL,NULL),(204,87,1,'error-no-claim-id',NULL,'400','Failed to submit claim','Request failed with status code 400','2025-09-03 10:22:39','2025-09-03 10:22:39',NULL,NULL),(205,88,1,'error-no-claim-id',NULL,'400','Failed to submit claim','Request failed with status code 400','2025-09-03 10:22:42','2025-09-03 10:22:42',NULL,NULL),(206,75,0,'722d9877-5f2a-4379-938f-a23cf867f280',NULL,'200','Pending','Claim submitted successfully','2025-09-03 13:01:58','2025-09-03 13:01:58',NULL,NULL),(207,75,0,'9df2be95-4b5e-4543-8e4a-70f8ba09335b',NULL,'200','Pending','Claim submitted successfully','2025-09-03 13:06:58','2025-09-03 13:06:58',NULL,NULL),(208,82,0,'1d56076f-ad45-4828-9002-ea49fb95463b',NULL,'200','Pending','Claim submitted successfully','2025-09-04 07:42:39','2025-09-04 07:42:39',NULL,NULL),(209,91,0,NULL,NULL,'400','Failed to submit claim','Request failed with status code 400','2025-09-04 07:57:16','2025-09-04 07:57:16',NULL,NULL),(210,91,0,NULL,NULL,'400','Failed to submit claim','Request failed with status code 400','2025-09-04 08:05:04','2025-09-04 08:05:04',NULL,NULL),(211,91,0,'409c5ec9-57e7-4105-9302-f225f3436348',NULL,'200','Pending','Claim submitted successfully','2025-09-04 08:06:22','2025-09-04 08:06:22',NULL,NULL),(212,91,0,NULL,NULL,'400','Failed to submit claim','Request failed with status code 400','2025-09-04 08:07:33','2025-09-04 08:07:33',NULL,NULL),(213,75,0,NULL,NULL,'400','Failed to submit claim','Request failed with status code 400','2025-09-09 08:30:25','2025-09-09 08:30:25',NULL,NULL),(214,75,0,'effbb84f-a3b0-4fb4-bee9-26d3cf08dfd0',NULL,'200','Pending','Claim submitted successfully','2025-09-09 08:30:48','2025-09-09 08:30:48',NULL,NULL),(215,81,0,NULL,NULL,'400','Failed to submit claim','Request failed with status code 400','2025-09-09 08:37:10','2025-09-09 08:37:10',NULL,NULL),(216,91,0,'e87b862a-b2ae-4bac-bf0b-10bdce7caf4b',NULL,'200','Pending','Claim submitted successfully','2025-09-11 14:04:51','2025-09-11 14:04:51',NULL,NULL),(217,81,0,NULL,NULL,'400','Failed to submit claim','Request failed with status code 400','2025-09-11 14:06:27','2025-09-11 14:06:27',NULL,NULL),(218,82,0,NULL,NULL,'400','Failed to submit claim','Request failed with status code 400','2025-09-11 14:06:30','2025-09-11 14:06:30',NULL,NULL),(219,83,0,NULL,NULL,'400','Failed to submit claim','Request failed with status code 400','2025-09-11 14:06:33','2025-09-11 14:06:33',NULL,NULL),(220,84,0,NULL,NULL,'400','Failed to submit claim','Request failed with status code 400','2025-09-11 14:06:37','2025-09-11 14:06:37',NULL,NULL),(221,85,0,NULL,NULL,'400','Failed to submit claim','Request failed with status code 400','2025-09-11 14:06:40','2025-09-11 14:06:40',NULL,NULL),(222,89,0,NULL,NULL,'400','Failed to submit claim','Request failed with status code 400','2025-09-11 14:06:43','2025-09-11 14:06:43',NULL,NULL),(223,86,0,'1c9deaf0-b117-4db2-88b1-7049d0c2392a',NULL,'200','Pending','Claim submitted successfully','2025-09-11 14:06:49','2025-09-11 14:06:49',NULL,NULL),(224,87,1,NULL,NULL,'400','Failed to submit claim','Request failed with status code 400','2025-09-11 14:06:52','2025-09-11 14:06:52',NULL,NULL),(225,88,1,NULL,NULL,'400','Failed to submit claim','Request failed with status code 400','2025-09-11 14:06:56','2025-09-11 14:06:56',NULL,NULL),(226,90,1,NULL,NULL,'400','Failed to submit claim','Request failed with status code 400','2025-09-11 14:06:59','2025-09-11 14:06:59',NULL,NULL),(227,90,0,'7742adfb-da1b-4df0-b1dd-e93f1ff00eda',NULL,'200','Pending','Claim submitted successfully','2025-09-11 14:20:33','2025-09-11 14:20:33',NULL,NULL),(228,69,0,'84b5f21f-0c83-4ae9-be41-bfe18aedc6ef',NULL,'200','Pending','Preauthorized claim submitted successfully','2025-09-11 14:29:27','2025-09-11 14:29:27',NULL,NULL),(229,76,0,'ed29c20b-8d75-4725-9cb7-4e4acb9c9b2b',NULL,'400','Preauthorization not approved, current state: sent-back','Request failed with status code 400','2025-09-11 14:29:40','2025-09-11 14:29:40',NULL,NULL),(230,78,0,'d6233101-4eea-4d95-a5ef-a8f9c5322afa',NULL,'400','Preauthorization not approved, current state: sent-back','Request failed with status code 400','2025-09-11 14:29:50','2025-09-11 14:29:50',NULL,NULL),(231,79,0,'60ae28fd-0b12-4837-b142-11f8d127fddb',NULL,'200','Pending','Claim submitted successfully','2025-09-11 14:29:54','2025-09-11 14:29:54',NULL,NULL),(232,80,0,'02a1dab7-cb3d-4c6d-8698-6c37658ad193',NULL,'400','Preauthorization not approved, current state: sent-back','Request failed with status code 400','2025-09-11 14:30:06','2025-09-11 14:30:06',NULL,NULL),(233,46,1,NULL,NULL,'400','Failed to submit claim','Request failed with status code 400','2025-09-11 14:32:08','2025-09-11 14:32:08',NULL,NULL),(234,67,0,NULL,NULL,'400','Failed to submit claim','Request failed with status code 400','2025-09-11 14:32:11','2025-09-11 14:32:11',NULL,NULL),(235,49,0,'61845730-6231-4454-864e-22c6e26a5567',NULL,'200','Pending','Claim submitted successfully','2025-09-11 14:32:17','2025-09-11 14:32:17',NULL,NULL),(236,75,0,'62d3d860-a5cd-4188-ab3b-6078aa7803f1',NULL,'200','Pending','Claim submitted successfully','2025-09-11 14:32:23','2025-09-11 14:32:23',NULL,NULL),(237,91,0,'c61deb6f-bea0-4ddb-98d2-74ee5a831e5d',NULL,'200','Pending','Claim submitted successfully','2025-09-11 14:32:29','2025-09-11 14:32:29',NULL,NULL),(238,70,0,'01016f28-deb2-4d95-ba3b-df408035e830',NULL,'200','Pending','Claim submitted successfully','2025-09-11 14:32:35','2025-09-11 14:32:35',NULL,NULL),(239,67,0,NULL,NULL,'400','Failed to submit claim','Request failed with status code 400','2025-09-11 14:34:16','2025-09-11 14:34:16',NULL,NULL),(240,46,1,NULL,NULL,'400','Failed to submit claim','Request failed with status code 400','2025-09-11 14:34:49','2025-09-11 14:34:49',NULL,NULL),(241,67,0,NULL,NULL,'400','Failed to submit claim','Request failed with status code 400','2025-09-11 14:34:52','2025-09-11 14:34:52',NULL,NULL),(242,47,0,'977f5e31-dc79-4e75-a614-db70f250e917',NULL,'200','Pending','Claim submitted successfully','2025-09-11 14:34:58','2025-09-11 14:34:58',NULL,NULL),(243,75,0,'9f5dfeee-12f8-4ff4-9c8f-fb5604a989f6',NULL,'200','Pending','Claim submitted successfully','2025-09-11 14:35:01','2025-09-11 14:35:01',NULL,NULL),(244,91,0,'7c392eb4-cc3e-40c3-a0c3-76c330dfc3e5',NULL,'200','Pending','Claim submitted successfully','2025-09-11 14:35:08','2025-09-11 14:35:08',NULL,NULL),(245,70,0,'7cfe3030-9c56-4362-9ee4-656ef18a7e4c',NULL,'200','Pending','Claim submitted successfully','2025-09-11 14:35:12','2025-09-11 14:35:12',NULL,NULL),(246,54,0,'7272e0be-c945-48d9-b975-6b35cc38fbaf',NULL,'200','Pending','Claim submitted successfully','2025-09-11 14:36:33','2025-09-11 14:36:33',NULL,NULL),(247,67,0,NULL,NULL,'400','Failed to submit claim','Request failed with status code 400','2025-09-11 14:36:36','2025-09-11 14:36:36',NULL,NULL),(248,47,0,'96b5c8ee-7747-4626-a962-4c366e48b641',NULL,'200','Pending','Claim submitted successfully','2025-09-11 14:36:43','2025-09-11 14:36:43',NULL,NULL),(249,75,0,'8ef76d7c-c12c-416e-8b21-9a80873d451c',NULL,'200','Pending','Claim submitted successfully','2025-09-11 14:36:47','2025-09-11 14:36:47',NULL,NULL),(250,91,0,'93edf838-7e78-48b0-a09a-738c3285f39f',NULL,'200','Pending','Claim submitted successfully','2025-09-11 14:36:51','2025-09-11 14:36:51',NULL,NULL),(251,70,0,'edeb7a44-8ee5-4a95-9b69-23f9e46e2a67',NULL,'200','Pending','Claim submitted successfully','2025-09-11 14:36:57','2025-09-11 14:36:57',NULL,NULL),(252,46,1,NULL,NULL,'400','Failed to submit claim','Request failed with status code 400','2025-09-19 07:40:40','2025-09-19 07:40:40',NULL,NULL),(253,47,0,NULL,NULL,'400','Failed to submit claim','Request failed with status code 400','2025-09-22 07:37:53','2025-09-22 07:37:53',NULL,NULL),(254,48,0,NULL,NULL,'400','Failed to submit claim','Request failed with status code 400','2025-09-22 07:37:56','2025-09-22 07:37:56',NULL,NULL),(255,49,0,NULL,NULL,'400','Failed to submit claim','Request failed with status code 400','2025-09-22 07:37:59','2025-09-22 07:37:59',NULL,NULL),(256,50,0,NULL,NULL,'400','Failed to submit claim','Request failed with status code 400','2025-09-22 07:38:02','2025-09-22 07:38:02',NULL,NULL),(257,51,1,NULL,NULL,'400','Failed to submit claim','Request failed with status code 400','2025-09-22 07:38:09','2025-09-22 07:38:09',NULL,NULL),(258,52,1,NULL,NULL,'400','Failed to submit claim','Request failed with status code 400','2025-09-22 07:38:14','2025-09-22 07:38:14',NULL,NULL),(259,69,0,NULL,NULL,'400','Preauthorization submission failed','Request failed with status code 400','2025-09-22 13:44:17','2025-09-22 13:44:17',NULL,NULL),(260,76,0,NULL,NULL,'400','Preauthorization submission failed','Request failed with status code 400','2025-09-22 13:44:31','2025-09-22 13:44:31',NULL,NULL),(261,78,0,NULL,NULL,'400','Preauthorization submission failed','Request failed with status code 400','2025-09-22 13:44:46','2025-09-22 13:44:46',NULL,NULL),(262,79,0,NULL,NULL,'400','Failed to submit claim','Request failed with status code 400','2025-09-22 13:44:59','2025-09-22 13:44:59',NULL,NULL),(263,80,0,NULL,NULL,'400','Preauthorization submission failed','Request failed with status code 400','2025-09-22 13:45:13','2025-09-22 13:45:13',NULL,NULL),(264,75,1,'dbf49147-c2b6-49d3-95ac-b4aa01acf3fa',NULL,'200','Approved','Claim submitted successfully','2025-09-24 08:23:38','2025-09-24 08:23:38',NULL,NULL),(265,81,0,NULL,NULL,'400','Failed to submit claim','Request failed with status code 400','2025-09-24 08:24:13','2025-09-24 08:24:13',NULL,NULL),(266,82,0,NULL,NULL,'400','Failed to submit claim','Request failed with status code 400','2025-09-24 08:24:16','2025-09-24 08:24:16',NULL,NULL),(267,83,0,NULL,NULL,'400','Failed to submit claim','Request failed with status code 400','2025-09-24 08:24:19','2025-09-24 08:24:19',NULL,NULL),(268,84,0,NULL,NULL,'400','Failed to submit claim','Request failed with status code 400','2025-09-24 08:24:22','2025-09-24 08:24:22',NULL,NULL),(269,85,0,NULL,NULL,'400','Failed to submit claim','Request failed with status code 400','2025-09-24 08:24:26','2025-09-24 08:24:26',NULL,NULL),(270,89,0,NULL,NULL,'400','Failed to submit claim','Request failed with status code 400','2025-09-24 08:24:29','2025-09-24 08:24:29',NULL,NULL),(271,86,0,'db3206c9-dbf6-4b31-985d-06d4a467e4ac',NULL,'200','Decline','Claim submitted successfully','2025-09-24 08:24:38','2025-09-24 08:24:38',NULL,NULL),(272,87,1,NULL,NULL,'400','Failed to submit claim','Request failed with status code 400','2025-09-24 08:24:42','2025-09-24 08:24:42',NULL,NULL),(273,88,1,NULL,NULL,'400','Failed to submit claim','Request failed with status code 400','2025-09-24 08:24:46','2025-09-24 08:24:46',NULL,NULL),(274,90,1,NULL,NULL,'400','Failed to submit claim','Request failed with status code 400','2025-09-24 08:24:50','2025-09-24 08:24:50',NULL,NULL),(275,69,1,'ad826f07-d4f6-49a5-bd60-2735f89c8028',NULL,'200','Approved','Preauthorized claim submitted successfully','2025-09-24 08:31:34','2025-09-24 08:31:34',NULL,NULL),(276,76,0,'66a8f495-5bf7-4758-91bb-bdfd9c8eedf8',NULL,'400','Preauthorization not approved, current state: sent-back','Request failed with status code 400','2025-09-24 08:31:48','2025-09-24 08:31:48',NULL,NULL),(277,78,0,'00b13227-817a-4ac2-932f-e3f4bb4c7370',NULL,'400','Preauthorization not approved, current state: sent-back','Request failed with status code 400','2025-09-24 08:31:59','2025-09-24 08:31:59',NULL,NULL),(278,79,1,'6e0b0e35-6511-468f-b1f1-207bebc7b205',NULL,'200','Approved','Claim submitted successfully','2025-09-24 08:32:04','2025-09-24 08:32:04',NULL,NULL),(279,80,0,'68aa589c-7205-4616-ba6d-6e535c03454a',NULL,'400','Preauthorization not approved, current state: sent-back','Request failed with status code 400','2025-09-24 08:32:14','2025-09-24 08:32:14',NULL,NULL),(281,53,0,'60e7b045-9e78-4cd9-b65f-827833ce9e35',NULL,'200','Pending','Claim submitted successfully','2025-09-24 08:40:47','2025-09-24 08:40:47',NULL,NULL),(282,67,0,NULL,NULL,'400','Failed to submit claim','Request failed with status code 400','2025-09-24 08:40:50','2025-09-24 08:40:50',NULL,NULL),(283,48,0,NULL,NULL,'400','Failed to submit claim','Request failed with status code 400','2025-09-24 08:40:53','2025-09-24 08:40:53',NULL,NULL),(284,75,0,NULL,NULL,'400','Failed to submit claim','Request failed with status code 400','2025-09-24 08:40:59','2025-09-24 08:40:59',NULL,NULL),(285,91,0,NULL,NULL,'400','Failed to submit claim','Request failed with status code 400','2025-09-24 08:41:04','2025-09-24 08:41:04',NULL,NULL),(286,70,0,NULL,NULL,'400','Failed to submit claim','Request failed with status code 400','2025-09-24 08:41:09','2025-09-24 08:41:09',NULL,NULL);
/*!40000 ALTER TABLE `result` ENABLE KEYS */;
UNLOCK TABLES;

--
-- Table structure for table `testcase`
--

DROP TABLE IF EXISTS `testcase`;
/*!40101 SET @saved_cs_client     = @@character_set_client */;
/*!50503 SET character_set_client = utf8mb4 */;
CREATE TABLE `testcase` (
  `id` int NOT NULL AUTO_INCREMENT,
  `intervention_id` int NOT NULL,
  `name` varchar(255) NOT NULL,
  `description` text,
  `test_config` json NOT NULL,
  `code` varchar(255) NOT NULL,
  `created_at` timestamp NULL DEFAULT CURRENT_TIMESTAMP,
  `updated_at` timestamp NULL DEFAULT CURRENT_TIMESTAMP ON UPDATE CURRENT_TIMESTAMP,
  `created_by` varchar(255) DEFAULT NULL,
  `updated_by` varchar(255) DEFAULT NULL,
  PRIMARY KEY (`id`),
  UNIQUE KEY `name` (`name`),
  KEY `intervention_id` (`intervention_id`),
  CONSTRAINT `testcase_ibfk_1` FOREIGN KEY (`intervention_id`) REFERENCES `intervention` (`id`) ON DELETE CASCADE
) ENGINE=InnoDB AUTO_INCREMENT=94 DEFAULT CHARSET=utf8mb4 COLLATE=utf8mb4_0900_ai_ci;
/*!40101 SET character_set_client = @saved_cs_client */;

--
-- Dumping data for table `testcase`
--

LOCK TABLES `testcase` WRITE;
/*!40000 ALTER TABLE `testcase` DISABLE KEYS */;
INSERT INTO `testcase` VALUES (46,3,'Test Eligible Facility level (SHA-01-003)','positive','{\"formData\": {\"use\": \"claim\", \"test\": \"negative\", \"title\": \"Test Eligible Facility level (SHA-01-003)\", \"total\": {\"value\": 102905, \"currency\": \"KES\"}, \"patient\": {\"id\": \"CR9477936235488-9\", \"name\": \"MILLICENT KIPTOO JERONO\", \"gender\": \"female\", \"birthDate\": \"1990-08-22\", \"identifiers\": [{\"use\": \"official\", \"value\": \"CR9477936235488-9\", \"system\": \"https://qa-mis.apeiro-digital.com/fhir/identifier/shanumber\"}]}, \"provider\": {\"id\": \"FID-22-115390-3\", \"name\": \"THIKA COUNTY REFERRAL HOSPITAL\", \"level\": \"LEVEL 5\", \"active\": true, \"identifiers\": [{\"value\": \"FID-22-115390-3\", \"system\": \"FID\"}, {\"value\": \"5885\", \"system\": \"SladeCode\"}]}, \"claimSubType\": \"ip\", \"billablePeriod\": {\"created\": \"2025-07-18\", \"billableEnd\": \"2025-07-10\", \"billableStart\": \"2025-07-08\"}, \"productOrService\": [{\"net\": {\"value\": 102905, \"currency\": \"KES\"}, \"code\": \"SHA-01-003\", \"display\": \"Cardiac/Respiratory Arrest\", \"quantity\": {\"value\": \"1\"}, \"sequence\": 1, \"unitPrice\": {\"value\": 102905, \"currency\": \"KES\"}, \"servicePeriod\": {\"end\": \"2025-07-10\", \"start\": \"2025-07-10\"}}]}}','SHA-01-003','2025-08-18 09:35:29','2025-08-29 04:15:17',NULL,NULL),(47,13,'Test Eligible Facility Level (SHA-03-001)','positive','{\"type\": \"positive\", \"formData\": {\"use\": \"claim\", \"test\": \"positive\", \"title\": \"Test Eligible Facility Level (SHA-03-001)\", \"total\": {\"value\": 336000, \"currency\": \"KES\"}, \"patient\": {\"id\": \"CR6988460984266-1\", \"name\": \"SOPHIE KARARAM RENOI\", \"gender\": \"female\", \"birthDate\": \"1994-08-16\", \"identifiers\": [{\"use\": \"official\", \"value\": \"CR6988460984266-1\", \"system\": \"https://qa-mis.apeiro-digital.com/fhir/identifier/shanumber\"}]}, \"provider\": {\"id\": \"FID-45-116336-8\", \"name\": \"BOIGE HEALTH CENTRE\", \"level\": \"LEVEL 3A\", \"active\": true, \"identifiers\": [{\"value\": \"FID-45-116336-8\", \"system\": \"FID\"}, {\"value\": \"5885\", \"system\": \"SladeCode\"}]}, \"claimSubType\": \"ip\", \"practitioner\": null, \"billablePeriod\": {\"created\": \"2025-08-15T10:10:25.209Z\", \"billableEnd\": \"2025-08-13\", \"billableStart\": \"2025-08-01\"}, \"productOrService\": [{\"net\": {\"value\": 336000, \"currency\": \"KES\"}, \"code\": \"SHA-03-001\", \"display\": \"ICU Care\", \"quantity\": {\"value\": \"1\"}, \"sequence\": 1, \"unitPrice\": {\"value\": 336000, \"currency\": \"KES\"}, \"servicePeriod\": {\"end\": \"2025-08-13\", \"start\": \"2025-08-01\"}}]}}','SHA-03-001','2025-08-18 09:35:29','2025-08-28 18:49:40',NULL,NULL),(48,13,'Test Maximum Days Allowable (SHA-03-001)','positive','{\"type\": \"positive\", \"formData\": {\"use\": \"claim\", \"test\": \"positive\", \"title\": \"Test Maximum Days Allowable (SHA-03-001)\", \"total\": {\"value\": 392000, \"currency\": \"KES\"}, \"patient\": {\"id\": \"CR6988460984266-1\", \"name\": \"SOPHIE KARARAM RENOI\", \"gender\": \"female\", \"birthDate\": \"1994-08-16\", \"identifiers\": [{\"use\": \"official\", \"value\": \"CR6988460984266-1\", \"system\": \"https://qa-mis.apeiro-digital.com/fhir/identifier/shanumber\"}]}, \"provider\": {\"id\": \"FID-45-116423-4\", \"name\": \"KISII TEACHING AND REFERRAL HOSPITAL\", \"level\": \"LEVEL 5\", \"active\": true, \"identifiers\": [{\"value\": \"FID-45-116423-4\", \"system\": \"FID\"}, {\"value\": \"5885\", \"system\": \"SladeCode\"}]}, \"claimSubType\": \"ip\", \"practitioner\": null, \"billablePeriod\": {\"created\": \"2025-08-15T10:10:25.209Z\", \"billableEnd\": \"2025-08-15\", \"billableStart\": \"2025-08-01\"}, \"productOrService\": [{\"net\": {\"value\": 392000, \"currency\": \"KES\"}, \"code\": \"SHA-03-001\", \"display\": \"ICU Care\", \"quantity\": {\"value\": \"1\"}, \"sequence\": 1, \"unitPrice\": {\"value\": 392000, \"currency\": \"KES\"}, \"servicePeriod\": {\"end\": \"2025-08-15\", \"start\": \"2025-08-01\"}}]}}','SHA-03-001','2025-08-18 09:35:29','2025-08-27 07:25:45',NULL,NULL),(49,13,'Test Eligible Access Path (Inpatient) (SHA-03-001)','positive','{\"formData\": {\"use\": \"claim\", \"test\": \"positive\", \"title\": \"Test Eligible Access Path (Inpatient) (SHA-03-001)\", \"total\": {\"value\": 336000, \"currency\": \"KES\"}, \"patient\": {\"id\": \"CR6683935187504-9\", \"name\": \"VERONICAH ATIENO MAENDE\", \"gender\": \"female\", \"birthDate\": \"1999-11-28\", \"identifiers\": [{\"use\": \"official\", \"value\": \"CR6683935187504-9\", \"system\": \"https://qa-mis.apeiro-digital.com/fhir/identifier/shanumber\"}]}, \"provider\": {\"id\": \"FID-45-116423-4\", \"name\": \"KISII TEACHING AND REFERRAL HOSPITAL\", \"level\": \"LEVEL 5\", \"active\": true, \"identifiers\": [{\"value\": \"FID-45-116423-4\", \"system\": \"FID\"}, {\"value\": \"5885\", \"system\": \"SladeCode\"}]}, \"claimSubType\": \"ip\", \"practitioner\": null, \"billablePeriod\": {\"created\": \"2025-08-15T09:54:42.673Z\", \"billableEnd\": \"2025-08-13\", \"billableStart\": \"2025-08-01\"}, \"productOrService\": [{\"net\": {\"value\": 336000, \"currency\": \"KES\"}, \"code\": \"SHA-03-001\", \"display\": \"ICU Care\", \"quantity\": {\"value\": \"1\"}, \"sequence\": 1, \"unitPrice\": {\"value\": \"336000\", \"currency\": \"KES\"}, \"servicePeriod\": {\"end\": \"2025-08-13\", \"start\": \"2025-08-01\"}}]}}','SHA-03-001','2025-08-18 09:35:30','2025-08-18 09:35:30',NULL,NULL),(50,13,'Test for Amount less than admission days (SHA-03-001)','positive','{\"formData\": {\"use\": \"claim\", \"test\": \"positive\", \"title\": \"Test for Amount less than admission days (SHA-03-001)\", \"total\": {\"value\": 295000, \"currency\": \"KES\"}, \"patient\": {\"id\": \"CR6988460984266-1\", \"name\": \"SOPHIE KARARAM RENOI\", \"gender\": \"female\", \"birthDate\": \"1994-08-16\", \"identifiers\": [{\"use\": \"official\", \"value\": \"CR6988460984266-1\", \"system\": \"https://qa-mis.apeiro-digital.com/fhir/identifier/shanumber\"}]}, \"provider\": {\"id\": \"FID-45-116423-4\", \"name\": \"KISII TEACHING AND REFERRAL HOSPITAL\", \"level\": \"LEVEL 5\", \"active\": true, \"identifiers\": [{\"value\": \"FID-45-116423-4\", \"system\": \"FID\"}, {\"value\": \"5885\", \"system\": \"SladeCode\"}]}, \"claimSubType\": \"ip\", \"practitioner\": null, \"billablePeriod\": {\"created\": \"2025-08-15T10:10:25.209Z\", \"billableEnd\": \"2025-08-13\", \"billableStart\": \"2025-08-01\"}, \"productOrService\": [{\"net\": {\"value\": 295000, \"currency\": \"KES\"}, \"code\": \"SHA-03-001\", \"display\": \"ICU Care\", \"quantity\": {\"value\": \"1\"}, \"sequence\": 1, \"unitPrice\": {\"value\": \"295000\", \"currency\": \"KES\"}, \"servicePeriod\": {\"end\": \"2025-08-13\", \"start\": \"2025-08-01\"}}]}}','SHA-03-001','2025-08-18 09:35:30','2025-08-18 09:35:30',NULL,NULL),(51,13,'Test Eligible Access Path (Outpatient) (SHA-03-001)','negative','{\"formData\": {\"use\": \"claim\", \"test\": \"negative\", \"title\": \"Test Eligible Access Path (Outpatient) (SHA-03-001)\", \"total\": {\"value\": 336000, \"currency\": \"KES\"}, \"patient\": {\"id\": \"CR6683935187504-9\", \"name\": \"VERONICAH ATIENO MAENDE\", \"gender\": \"female\", \"birthDate\": \"1999-11-28\", \"identifiers\": [{\"use\": \"official\", \"value\": \"CR6683935187504-9\", \"system\": \"https://qa-mis.apeiro-digital.com/fhir/identifier/shanumber\"}]}, \"provider\": {\"id\": \"FID-45-116423-4\", \"name\": \"KISII TEACHING AND REFERRAL HOSPITAL\", \"level\": \"LEVEL 5\", \"active\": true, \"identifiers\": [{\"value\": \"FID-45-116423-4\", \"system\": \"FID\"}, {\"value\": \"5885\", \"system\": \"SladeCode\"}]}, \"claimSubType\": \"op\", \"practitioner\": null, \"billablePeriod\": {\"created\": \"2025-08-15T09:54:42.673Z\", \"billableEnd\": \"2025-08-13\", \"billableStart\": \"2025-08-01\"}, \"productOrService\": [{\"net\": {\"value\": 336000, \"currency\": \"KES\"}, \"code\": \"SHA-03-001\", \"display\": \"ICU Care\", \"quantity\": {\"value\": \"1\"}, \"sequence\": 1, \"unitPrice\": {\"value\": \"336000\", \"currency\": \"KES\"}, \"servicePeriod\": {\"end\": \"2025-08-13\", \"start\": \"2025-08-01\"}}]}}','SHA-03-001','2025-08-18 09:35:31','2025-08-18 09:35:31',NULL,NULL),(52,13,'Test Amount Greater than Admission Days (SHA-03-001)','negative','{\"formData\": {\"use\": \"claim\", \"test\": \"negative\", \"title\": \"Test Amount Greater than Admission Days (SHA-03-001)\", \"total\": {\"value\": 400000, \"currency\": \"KES\"}, \"patient\": {\"id\": \"CR6988460984266-1\", \"name\": \"SOPHIE KARARAM RENOI\", \"gender\": \"female\", \"birthDate\": \"1994-08-16\", \"identifiers\": [{\"use\": \"official\", \"value\": \"CR6988460984266-1\", \"system\": \"https://qa-mis.apeiro-digital.com/fhir/identifier/shanumber\"}]}, \"provider\": {\"id\": \"FID-45-116423-4\", \"name\": \"KISII TEACHING AND REFERRAL HOSPITAL\", \"level\": \"LEVEL 5\", \"active\": true, \"identifiers\": [{\"value\": \"FID-45-116423-4\", \"system\": \"FID\"}, {\"value\": \"5885\", \"system\": \"SladeCode\"}]}, \"claimSubType\": \"ip\", \"practitioner\": null, \"billablePeriod\": {\"created\": \"2025-08-15T10:10:25.209Z\", \"billableEnd\": \"2025-08-13\", \"billableStart\": \"2025-08-01\"}, \"productOrService\": [{\"net\": {\"value\": 400000, \"currency\": \"KES\"}, \"code\": \"SHA-03-001\", \"display\": \"ICU Care\", \"quantity\": {\"value\": \"1\"}, \"sequence\": 1, \"unitPrice\": {\"value\": \"400000\", \"currency\": \"KES\"}, \"servicePeriod\": {\"end\": \"2025-08-13\", \"start\": \"2025-08-01\"}}]}}','SHA-03-001','2025-08-18 09:35:31','2025-08-18 09:35:31',NULL,NULL),(53,3,'Test exact claimable amount (SHA-01-003)','positive','{\"formData\": {\"use\": \"claim\", \"test\": \"positive\", \"title\": \"Test exact claimable amount (SHA-01-003)\", \"total\": {\"value\": 102905, \"currency\": \"KES\"}, \"patient\": {\"id\": \"CR9690669737702-4\", \"name\": \"MILLICENT OCHOL AKINYI\", \"gender\": \"female\", \"birthDate\": \"1970-10-08\", \"identifiers\": [{\"value\": \"CR9690669737702-4\", \"system\": \"SHA\"}, {\"value\": \"-\", \"system\": \"NationalID\"}]}, \"provider\": {\"id\": \"FID-22-115390-3\", \"name\": \"THIKA COUNTY REFERRAL HOSPITAL\", \"level\": \"LEVEL 5\", \"active\": true, \"identifiers\": [{\"value\": \"FID-22-115390-3\", \"system\": \"FID\"}, {\"value\": \"5885\", \"system\": \"SladeCode\"}]}, \"claimSubType\": \"ip\", \"billablePeriod\": {\"created\": \"2025-07-18\", \"billableEnd\": \"2025-07-10\", \"billableStart\": \"2025-07-08\"}, \"productOrService\": [{\"net\": {\"value\": 102905, \"currency\": \"KES\"}, \"code\": \"SHA-01-003\", \"display\": \"Cardiac/Respiratory Arrest\", \"quantity\": {\"value\": \"1\"}, \"sequence\": 1, \"unitPrice\": {\"value\": 102905, \"currency\": \"KES\"}, \"servicePeriod\": {\"end\": \"2025-07-10\", \"start\": \"2025-07-08\"}}]}}','SHA-01-003','2025-08-20 11:35:51','2025-08-20 11:35:51',NULL,NULL),(54,3,'Test amount less than claimable amount (SHA-01-003)','positive','{\"formData\": {\"use\": \"claim\", \"test\": \"positive\", \"title\": \"Test amount less than claimable amount (SHA-01-003)\", \"total\": {\"value\": 10200, \"currency\": \"KES\"}, \"patient\": {\"id\": \"CR1732007307965-7\", \"name\": \"GEOFFREY GACHOKA GITAU\", \"gender\": \"male\", \"birthDate\": \"1988-03-03\", \"identifiers\": [{\"use\": \"official\", \"value\": \"CR1732007307965-7\", \"system\": \"https://qa-mis.apeiro-digital.com/fhir/identifier/shanumber\"}]}, \"provider\": {\"id\": \"FID-45-116423-4\", \"name\": \"KISII TEACHING AND REFERRAL HOSPITAL\", \"level\": \"LEVEL 5\", \"active\": true, \"identifiers\": [{\"value\": \"FID-45-116423-4\", \"system\": \"FID\"}, {\"value\": \"5885\", \"system\": \"SladeCode\"}]}, \"claimSubType\": \"ip\", \"billablePeriod\": {\"created\": \"2025-07-18\", \"billableEnd\": \"2025-07-10\", \"billableStart\": \"2025-07-08\"}, \"productOrService\": [{\"net\": {\"value\": 10200, \"currency\": \"KES\"}, \"code\": \"SHA-01-003\", \"display\": \"Cardiac/Respiratory Arrest\", \"quantity\": {\"value\": \"1\"}, \"sequence\": 1, \"unitPrice\": {\"value\": 10200, \"currency\": \"KES\"}, \"servicePeriod\": {\"end\": \"2025-07-10\", \"start\": \"2025-07-08\"}}]}}','SHA-01-003','2025-08-20 11:45:29','2025-08-20 11:45:29',NULL,NULL),(55,3,'Test Facility level not supported(SHA-01-003)','negative','{\"formData\": {\"use\": \"claim\", \"test\": \"negative\", \"title\": \"Test Facility level not supported(SHA-01-003)\", \"total\": {\"value\": 102905, \"currency\": \"KES\"}, \"patient\": {\"id\": \"CR9690669737702-4\", \"name\": \"MILLICENT OCHOL AKINYI\", \"gender\": \"female\", \"birthDate\": \"1970-10-08\", \"identifiers\": [{\"value\": \"CR9690669737702-4\", \"system\": \"SHA\"}, {\"value\": \"-\", \"system\": \"NationalID\"}]}, \"provider\": {\"id\": \"FID-43-112246-5\", \"name\": \"HAWI FAMILY HOSPITAL\", \"level\": \"LEVEL 3A\", \"active\": true, \"identifiers\": [{\"value\": \"FID-43-112246-5\", \"system\": \"FID\"}, {\"value\": \"5885\", \"system\": \"SladeCode\"}]}, \"claimSubType\": \"ip\", \"billablePeriod\": {\"created\": \"2025-07-18\", \"billableEnd\": \"2025-07-10\", \"billableStart\": \"2025-07-08\"}, \"productOrService\": [{\"net\": {\"value\": 102905, \"currency\": \"KES\"}, \"code\": \"SHA-01-003\", \"display\": \"Cardiac/Respiratory Arrest\", \"quantity\": {\"value\": \"1\"}, \"sequence\": 1, \"unitPrice\": {\"value\": 102905, \"currency\": \"KES\"}, \"servicePeriod\": {\"end\": \"2025-07-10\", \"start\": \"2025-07-08\"}}]}}','SHA-01-003','2025-08-21 11:20:06','2025-08-21 11:20:06',NULL,NULL),(56,3,'Test not GOK facility (SHA-01-003)','negative','{\"type\": \"negative\", \"formData\": {\"use\": \"claim\", \"test\": \"negative\", \"title\": \"Test not GOK facility (SHA-01-003)\", \"total\": {\"value\": 102905, \"currency\": \"KES\"}, \"patient\": {\"id\": \"CR9690669737702-4\", \"name\": \"MILLICENT OCHOL AKINYI\", \"gender\": \"female\", \"birthDate\": \"1970-10-08\", \"identifiers\": [{\"value\": \"CR9690669737702-4\", \"system\": \"SHA\"}, {\"value\": \"-\", \"system\": \"NationalID\"}]}, \"provider\": {\"id\": \"FID-43-112246-5\", \"name\": \"HAWI FAMILY HOSPITAL\", \"level\": \"LEVEL 3A\", \"active\": true, \"identifiers\": [{\"value\": \"FID-43-112246-5\", \"system\": \"FID\"}, {\"value\": \"5885\", \"system\": \"SladeCode\"}]}, \"claimSubType\": \"ip\", \"billablePeriod\": {\"created\": \"2025-07-18\", \"billableEnd\": \"2025-07-10\", \"billableStart\": \"2025-07-08\"}, \"productOrService\": [{\"net\": {\"value\": 102905, \"currency\": \"KES\"}, \"code\": \"SHA-01-003\", \"display\": \"Cardiac/Respiratory Arrest\", \"quantity\": {\"value\": \"1\"}, \"sequence\": 1, \"unitPrice\": {\"value\": 102905, \"currency\": \"KES\"}, \"servicePeriod\": {\"end\": \"2025-07-10\", \"start\": \"2025-07-08\"}}]}}','SHA-01-003','2025-08-21 11:22:25','2025-08-21 11:22:25',NULL,NULL),(57,3,'Test amount greater than allowable claimable amount (SHA-01-003)','negative','{\"type\": \"negative\", \"formData\": {\"use\": \"claim\", \"test\": \"negative\", \"title\": \"Test amount greater than allowable claimable amount (SHA-01-003)\", \"total\": {\"value\": 150000, \"currency\": \"KES\"}, \"patient\": {\"id\": \"CR9690669737702-4\", \"name\": \"MILLICENT OCHOL AKINYI\", \"gender\": \"female\", \"birthDate\": \"1970-10-08\", \"identifiers\": [{\"value\": \"CR9690669737702-4\", \"system\": \"SHA\"}, {\"value\": \"-\", \"system\": \"NationalID\"}]}, \"provider\": {\"id\": \"FID-45-116423-4\", \"name\": \"KISII TEACHING AND REFERRAL HOSPITAL\", \"level\": \"LEVEL 5\", \"active\": true, \"identifiers\": [{\"value\": \"FID-45-116423-4\", \"system\": \"FID\"}, {\"value\": \"5885\", \"system\": \"SladeCode\"}]}, \"claimSubType\": \"ip\", \"billablePeriod\": {\"created\": \"2025-07-18\", \"billableEnd\": \"2025-07-10\", \"billableStart\": \"2025-07-08\"}, \"productOrService\": [{\"net\": {\"value\": 150000, \"currency\": \"KES\"}, \"code\": \"SHA-01-003\", \"display\": \"Cardiac/Respiratory Arrest\", \"quantity\": {\"value\": \"1\"}, \"sequence\": 1, \"unitPrice\": {\"value\": 150000, \"currency\": \"KES\"}, \"servicePeriod\": {\"end\": \"2025-07-10\", \"start\": \"2025-07-08\"}}]}}','SHA-01-003','2025-08-21 11:24:50','2025-08-21 11:28:49',NULL,NULL),(58,15,'Test Eligible Patient Age (SHA-03-003)','positive','{\"type\": \"positive\", \"formData\": {\"use\": \"claim\", \"test\": \"positive\", \"title\": \"Test Eligible Patient Age (SHA-03-003)\", \"total\": {\"value\": 336000, \"currency\": \"KES\"}, \"patient\": {\"id\": \"CR2064628665533-8\", \"name\": \"BONFACE MWENDA NGARI\", \"gender\": \"male\", \"birthDate\": \"2025-04-12\", \"identifiers\": [{\"use\": \"official\", \"value\": \"CR2064628665533-8\", \"system\": \" https://qa-sha.apeiro-digital.com/fhir/identifier/shanumber\"}]}, \"provider\": {\"id\": \"FID-17-108652-2\", \"name\": \"KIKOKO MISSION COTTAGE HOSPITAL\", \"level\": \"LEVEL 4\", \"active\": true, \"identifiers\": [{\"value\": \"FID-17-108652-2\", \"system\": \"FID\"}, {\"value\": \"5885\", \"system\": \"SladeCode\"}]}, \"claimSubType\": \"ip\", \"practitioner\": null, \"billablePeriod\": {\"created\": \"2025-08-19T08:12:59.796Z\", \"billableEnd\": \"2025-08-15\", \"billableStart\": \"2025-08-03\"}, \"productOrService\": [{\"net\": {\"value\": 336000, \"currency\": \"KES\"}, \"code\": \"SHA-03-003\", \"display\": \"NICU Care\", \"quantity\": {\"value\": \"1\"}, \"sequence\": 1, \"unitPrice\": {\"value\": 336000, \"currency\": \"KES\"}, \"servicePeriod\": {\"end\": \"2025-08-15\", \"start\": \"2025-08-03\"}}]}}','SHA-03-003','2025-08-25 11:44:56','2025-08-25 11:44:56',NULL,NULL),(59,15,'Test Eligible Facility Level 4 (SHA-03-003)','positive','{\"type\": \"positive\", \"formData\": {\"use\": \"claim\", \"test\": \"positive\", \"title\": \"Test Eligible Facility Level 4 (SHA-03-003)\", \"total\": {\"value\": 336000, \"currency\": \"KES\"}, \"patient\": {\"id\": \"CR2064628665533-8\", \"name\": \"BONFACE MWENDA NGARI\", \"gender\": \"male\", \"birthDate\": \"2025-04-12\", \"identifiers\": [{\"use\": \"official\", \"value\": \"CR2064628665533-8\", \"system\": \" https://qa-sha.apeiro-digital.com/fhir/identifier/shanumber\"}]}, \"provider\": {\"id\": \"FID-17-108652-2\", \"name\": \"KIKOKO MISSION COTTAGE HOSPITAL\", \"level\": \"LEVEL 4\", \"active\": true, \"identifiers\": [{\"value\": \"FID-17-108652-2\", \"system\": \"FID\"}, {\"value\": \"5885\", \"system\": \"SladeCode\"}]}, \"claimSubType\": \"ip\", \"practitioner\": null, \"billablePeriod\": {\"created\": \"2025-08-19T08:12:59.796Z\", \"billableEnd\": \"2025-08-15\", \"billableStart\": \"2025-08-03\"}, \"productOrService\": [{\"net\": {\"value\": 336000, \"currency\": \"KES\"}, \"code\": \"SHA-03-003\", \"display\": \"NICU Care\", \"quantity\": {\"value\": \"1\"}, \"sequence\": 1, \"unitPrice\": {\"value\": 336000, \"currency\": \"KES\"}, \"servicePeriod\": {\"end\": \"2025-08-15\", \"start\": \"2025-08-03\"}}]}}','SHA-03-003','2025-08-25 11:45:30','2025-08-25 11:45:30',NULL,NULL),(60,15,'Test Maximum Days Allowable 12days(SHA-03-003)','positive','{\"type\": \"positive\", \"formData\": {\"use\": \"claim\", \"test\": \"positive\", \"title\": \"Test Maximum Days Allowable 12days(SHA-03-003)\", \"total\": {\"value\": 336000, \"currency\": \"KES\"}, \"patient\": {\"id\": \"CR2064628665533-8\", \"name\": \"BONFACE MWENDA NGARI\", \"gender\": \"male\", \"birthDate\": \"2025-04-12\", \"identifiers\": [{\"use\": \"official\", \"value\": \"CR2064628665533-8\", \"system\": \" https://qa-sha.apeiro-digital.com/fhir/identifier/shanumber\"}]}, \"provider\": {\"id\": \"FID-17-108652-2\", \"name\": \"KIKOKO MISSION COTTAGE HOSPITAL\", \"level\": \"LEVEL 4\", \"active\": true, \"identifiers\": [{\"value\": \"FID-17-108652-2\", \"system\": \"FID\"}, {\"value\": \"5885\", \"system\": \"SladeCode\"}]}, \"claimSubType\": \"ip\", \"practitioner\": null, \"billablePeriod\": {\"created\": \"2025-08-19T08:12:59.796Z\", \"billableEnd\": \"2025-08-15\", \"billableStart\": \"2025-08-03\"}, \"productOrService\": [{\"net\": {\"value\": 336000, \"currency\": \"KES\"}, \"code\": \"SHA-03-003\", \"display\": \"NICU Care\", \"quantity\": {\"value\": \"1\"}, \"sequence\": 1, \"unitPrice\": {\"value\": 336000, \"currency\": \"KES\"}, \"servicePeriod\": {\"end\": \"2025-08-15\", \"start\": \"2025-08-03\"}}]}}','SHA-03-003','2025-08-25 11:45:54','2025-08-25 11:45:54',NULL,NULL),(61,15,'Test Eligible Access Path -Inpatient (SHA-03-003)','positive','{\"type\": \"positive\", \"formData\": {\"use\": \"claim\", \"test\": \"positive\", \"title\": \"Test Eligible Access Path -Inpatient (SHA-03-003)\", \"total\": {\"value\": 336000, \"currency\": \"KES\"}, \"patient\": {\"id\": \"CR2064628665533-8\", \"name\": \"BONFACE MWENDA NGARI\", \"gender\": \"male\", \"birthDate\": \"2025-04-12\", \"identifiers\": [{\"use\": \"official\", \"value\": \"CR2064628665533-8\", \"system\": \" https://qa-sha.apeiro-digital.com/fhir/identifier/shanumber\"}]}, \"provider\": {\"id\": \"FID-17-108652-2\", \"name\": \"KIKOKO MISSION COTTAGE HOSPITAL\", \"level\": \"LEVEL 4\", \"active\": true, \"identifiers\": [{\"value\": \"FID-17-108652-2\", \"system\": \"FID\"}, {\"value\": \"5885\", \"system\": \"SladeCode\"}]}, \"claimSubType\": \"ip\", \"practitioner\": null, \"billablePeriod\": {\"created\": \"2025-08-19T08:12:59.796Z\", \"billableEnd\": \"2025-08-15\", \"billableStart\": \"2025-08-03\"}, \"productOrService\": [{\"net\": {\"value\": 336000, \"currency\": \"KES\"}, \"code\": \"SHA-03-003\", \"display\": \"NICU Care\", \"quantity\": {\"value\": \"1\"}, \"sequence\": 1, \"unitPrice\": {\"value\": 336000, \"currency\": \"KES\"}, \"servicePeriod\": {\"end\": \"2025-08-15\", \"start\": \"2025-08-03\"}}]}}','SHA-03-003','2025-08-25 11:46:29','2025-08-25 11:46:29',NULL,NULL),(62,15,'Test for Amount less than admission days (SHA-03-003)','positive','{\"formData\": {\"use\": \"claim\", \"test\": \"positive\", \"title\": \"Test for Amount less than admission days (SHA-03-003)\", \"total\": {\"value\": 286000, \"currency\": \"KES\"}, \"patient\": {\"id\": \"CR2064628665533-8\", \"name\": \"BONFACE MWENDA NGARI\", \"gender\": \"male\", \"birthDate\": \"2025-04-12\", \"identifiers\": [{\"use\": \"official\", \"value\": \"CR2064628665533-8\", \"system\": \" https://qa-sha.apeiro-digital.com/fhir/identifier/shanumber\"}]}, \"provider\": {\"id\": \"FID-17-108652-2\", \"name\": \"KIKOKO MISSION COTTAGE HOSPITAL\", \"level\": \"LEVEL 4\", \"active\": true, \"identifiers\": [{\"value\": \"FID-17-108652-2\", \"system\": \"FID\"}, {\"value\": \"5885\", \"system\": \"SladeCode\"}]}, \"claimSubType\": \"ip\", \"practitioner\": null, \"billablePeriod\": {\"created\": \"2025-08-19T08:12:59.796Z\", \"billableEnd\": \"2025-08-15\", \"billableStart\": \"2025-08-03\"}, \"productOrService\": [{\"net\": {\"value\": 286000, \"currency\": \"KES\"}, \"code\": \"SHA-03-003\", \"display\": \"NICU Care\", \"quantity\": {\"value\": \"1\"}, \"sequence\": 1, \"unitPrice\": {\"value\": 286000, \"currency\": \"KES\"}, \"servicePeriod\": {\"end\": \"2025-08-15\", \"start\": \"2025-08-03\"}}]}}','SHA-03-003','2025-08-25 11:46:54','2025-08-25 11:46:54',NULL,NULL),(63,15,'Test Eligible Facility level 3 (SHA-03-003)','negative','{\"formData\": {\"use\": \"claim\", \"test\": \"negative\", \"title\": \"Test Eligible Facility level 3 (SHA-03-003)\", \"total\": {\"value\": 336000, \"currency\": \"KES\"}, \"patient\": {\"id\": \"CR2064628665533-8\", \"name\": \"BONFACE MWENDA NGARI\", \"gender\": \"male\", \"birthDate\": \"2025-04-12\", \"identifiers\": [{\"use\": \"official\", \"value\": \"CR2064628665533-8\", \"system\": \" https://qa-sha.apeiro-digital.com/fhir/identifier/shanumber\"}]}, \"provider\": {\"id\": \"FID-45-116336-8\", \"name\": \"BOIGE HEALTH CENTRE\", \"level\": \"LEVEL 3A\", \"active\": true, \"identifiers\": [{\"value\": \"FID-45-116336-8\", \"system\": \"FID\"}, {\"value\": \"5885\", \"system\": \"SladeCode\"}]}, \"claimSubType\": \"ip\", \"billablePeriod\": {\"created\": \"2025-07-18\", \"billableEnd\": \"2025-08-15\", \"billableStart\": \"2025-08-03\"}, \"productOrService\": [{\"net\": {\"value\": 336000, \"currency\": \"KES\"}, \"code\": \"SHA-03-003\", \"display\": \"NICU Care\", \"quantity\": {\"value\": \"1\"}, \"sequence\": 1, \"unitPrice\": {\"value\": 336000, \"currency\": \"KES\"}, \"servicePeriod\": {\"end\": \"2025-08-15\", \"start\": \"2025-08-03\"}}]}}','SHA-03-003','2025-08-25 11:48:30','2025-08-25 11:48:30',NULL,NULL),(64,15,'Test Maximum Days Allowable 14days(SHA-03-002)','negative','{\"formData\": {\"use\": \"claim\", \"test\": \"negative\", \"title\": \"Test Maximum Days Allowable 14days(SHA-03-002)\", \"total\": {\"value\": 392000, \"currency\": \"KES\"}, \"patient\": {\"id\": \"CR2064628665533-8\", \"name\": \"BONFACE MWENDA NGARI\", \"gender\": \"male\", \"birthDate\": \"2025-04-12\", \"identifiers\": [{\"use\": \"official\", \"value\": \"CR2064628665533-8\", \"system\": \" https://qa-sha.apeiro-digital.com/fhir/identifier/shanumber\"}]}, \"provider\": {\"id\": \"FID-45-116423-4\", \"name\": \"KISII TEACHING AND REFERRAL HOSPITAL\", \"level\": \"LEVEL 5\", \"active\": true, \"identifiers\": [{\"value\": \"FID-45-116423-4\", \"system\": \"FID\"}, {\"value\": \"5885\", \"system\": \"SladeCode\"}]}, \"claimSubType\": \"ip\", \"billablePeriod\": {\"created\": \"2025-07-18\", \"billableEnd\": \"2025-08-15\", \"billableStart\": \"2025-08-01\"}, \"productOrService\": [{\"net\": {\"value\": 392000, \"currency\": \"KES\"}, \"code\": \"SHA-03-003\", \"display\": \"NICU Care\", \"quantity\": {\"value\": \"1\"}, \"sequence\": 1, \"unitPrice\": {\"value\": 392000, \"currency\": \"KES\"}, \"servicePeriod\": {\"end\": \"2025-08-15\", \"start\": \"2025-08-01\"}}]}}','SHA-03-003','2025-08-25 11:50:19','2025-08-25 11:50:19',NULL,NULL),(65,15,'Test Eligible Access Path (Outpatient) (SHA-03-003)','negative','{\"formData\": {\"use\": \"claim\", \"test\": \"negative\", \"title\": \"Test Eligible Access Path (Outpatient) (SHA-03-003)\", \"total\": {\"value\": 336000, \"currency\": \"KES\"}, \"patient\": {\"id\": \"CR2064628665533-8\", \"name\": \"BONFACE MWENDA NGARI\", \"gender\": \"male\", \"birthDate\": \"2025-04-12\", \"identifiers\": [{\"use\": \"official\", \"value\": \"CR2064628665533-8\", \"system\": \" https://qa-sha.apeiro-digital.com/fhir/identifier/shanumber\"}]}, \"provider\": {\"id\": \"FID-45-116423-4\", \"name\": \"KISII TEACHING AND REFERRAL HOSPITAL\", \"level\": \"LEVEL 5\", \"active\": true, \"identifiers\": [{\"value\": \"FID-45-116423-4\", \"system\": \"FID\"}, {\"value\": \"5885\", \"system\": \"SladeCode\"}]}, \"claimSubType\": \"op\", \"billablePeriod\": {\"created\": \"2025-07-18\", \"billableEnd\": \"2025-08-15\", \"billableStart\": \"2025-08-03\"}, \"productOrService\": [{\"net\": {\"value\": 336000, \"currency\": \"KES\"}, \"code\": \"SHA-03-003\", \"display\": \"NICU Care\", \"quantity\": {\"value\": \"1\"}, \"sequence\": 1, \"unitPrice\": {\"value\": 336000, \"currency\": \"KES\"}, \"servicePeriod\": {\"end\": \"2025-08-15\", \"start\": \"2025-08-03\"}}]}}','SHA-03-003','2025-08-25 11:51:14','2025-08-25 11:51:14',NULL,NULL),(66,15,'Test Amount Greater than Admission Days (SHA-03-003)','negative','{\"formData\": {\"use\": \"claim\", \"test\": \"negative\", \"title\": \"Test Amount Greater than Admission Days (SHA-03-003)\", \"total\": {\"value\": 336000, \"currency\": \"KES\"}, \"patient\": {\"id\": \"CR2064628665533-8\", \"name\": \"BONFACE MWENDA NGARI\", \"gender\": \"male\", \"birthDate\": \"2025-04-12\", \"identifiers\": [{\"use\": \"official\", \"value\": \"CR2064628665533-8\", \"system\": \" https://qa-sha.apeiro-digital.com/fhir/identifier/shanumber\"}]}, \"provider\": {\"id\": \"FID-45-116423-4\", \"name\": \"KISII TEACHING AND REFERRAL HOSPITAL\", \"level\": \"LEVEL 5\", \"active\": true, \"identifiers\": [{\"value\": \"FID-45-116423-4\", \"system\": \"FID\"}, {\"value\": \"5885\", \"system\": \"SladeCode\"}]}, \"claimSubType\": \"ip\", \"billablePeriod\": {\"created\": \"2025-07-18\", \"billableEnd\": \"2025-08-13\", \"billableStart\": \"2025-08-03\"}, \"productOrService\": [{\"net\": {\"value\": 336000, \"currency\": \"KES\"}, \"code\": \"SHA-03-003\", \"display\": \"NICU Care\", \"quantity\": {\"value\": \"1\"}, \"sequence\": 1, \"unitPrice\": {\"value\": 336000, \"currency\": \"KES\"}, \"servicePeriod\": {\"end\": \"2025-08-13\", \"start\": \"2025-08-03\"}}]}}','SHA-03-003','2025-08-25 11:51:47','2025-08-25 11:51:47',NULL,NULL),(67,4,'Test Eligible Facility level (SHA-01-004)','positive','{\"formData\": {\"use\": \"claim\", \"test\": \"positive\", \"title\": \"Test Eligible Facility level (SHA-01-004)\", \"total\": {\"value\": 93042, \"currency\": \"KES\"}, \"patient\": {\"id\": \"CR9690669737702-4\", \"name\": \"MILLICENT OCHOL AKINYI\", \"gender\": \"female\", \"birthDate\": \"1970-10-08\", \"identifiers\": [{\"value\": \"CR9690669737702-4\", \"system\": \"SHA\"}, {\"value\": \"-\", \"system\": \"NationalID\"}]}, \"provider\": {\"id\": \"FID-22-115390-3\", \"name\": \"THIKA COUNTY REFERRAL HOSPITAL\", \"level\": \"LEVEL 5\", \"active\": true, \"identifiers\": [{\"value\": \"FID-22-115390-3\", \"system\": \"FID\"}, {\"value\": \"5885\", \"system\": \"SladeCode\"}]}, \"billablePeriod\": {\"created\": \"2025-07-18\", \"billableEnd\": \"2025-07-10\", \"billableStart\": \"2025-07-08\"}, \"productOrService\": [{\"net\": {\"value\": 93042, \"currency\": \"KES\"}, \"code\": \"SHA-01-004\", \"display\": \"Major Taruma\", \"quantity\": {\"value\": \"1\"}, \"sequence\": 1, \"unitPrice\": {\"value\": 93042, \"currency\": \"KES\"}, \"servicePeriod\": {\"end\": \"2025-07-10\", \"start\": \"2025-07-08\"}}]}}','SHA-01-004','2025-08-25 12:12:29','2025-08-25 12:12:29',NULL,NULL),(68,60,'Test for SHA-06-022','complex','{\"formData\": {\"use\": \"preauth-claim\", \"test\": \"complex\", \"title\": \"Test for SHA-06-022\", \"total\": {\"value\": 30000, \"currency\": \"KES\"}, \"patient\": {\"id\": \"CR6309086496303-8\", \"name\": \"FREDRICK LIMO KIMUTAI\", \"gender\": \"male\", \"birthDate\": \"1985-01-15\", \"identifiers\": [{\"use\": \"official\", \"value\": \"CR6309086496303-8\", \"system\": \"https://qa-mis.apeiro-digital.com/fhir/identifier/shanumber\"}]}, \"provider\": {\"id\": \"FID-45-116423-4\", \"name\": \"KISII TEACHING AND REFERRAL HOSPITAL\", \"level\": \"LEVEL 5\", \"active\": true, \"identifiers\": [{\"value\": \"FID-45-116423-4\", \"system\": \"FID\"}, {\"value\": \"5885\", \"system\": \"SladeCode\"}]}, \"claimSubType\": \"ip\", \"practitioner\": null, \"approvedAmount\": 25000, \"billablePeriod\": {\"created\": \"2025-08-27\", \"billableEnd\": \"2025-08-04\", \"billableStart\": \"2025-08-01\"}, \"submissionDate\": \"2025-08-27T14:20:03.334Z\", \"productOrService\": [{\"net\": {\"value\": 30000, \"currency\": \"KES\"}, \"code\": \"SHA-06-022\", \"display\": \"Chemotherapy medicines\", \"quantity\": {\"value\": \"1\"}, \"sequence\": 1, \"unitPrice\": {\"value\": 30000, \"currency\": \"KES\"}, \"servicePeriod\": {\"end\": \"2025-08-04\", \"start\": \"2025-08-01\"}}]}}','SHA-06-022','2025-08-27 14:28:42','2025-08-27 14:28:42',NULL,NULL),(69,60,'Test valid facility level (SHA-06-022)','positive','{\"formData\": {\"use\": \"preauth-claim\", \"test\": \"positive\", \"title\": \"Test valid facility level (SHA-06-022)\", \"total\": {\"value\": 30000, \"currency\": \"KES\"}, \"patient\": {\"id\": \"CR6309086496303-8\", \"name\": \"FREDRICK LIMO KIMUTAI\", \"gender\": \"male\", \"birthDate\": \"1985-01-15\", \"identifiers\": [{\"use\": \"official\", \"value\": \"CR6309086496303-8\", \"system\": \"https://qa-mis.apeiro-digital.com/fhir/identifier/shanumber\"}]}, \"provider\": {\"id\": \"FID-45-116423-4\", \"name\": \"KISII TEACHING AND REFERRAL HOSPITAL\", \"level\": \"LEVEL 5\", \"active\": true, \"identifiers\": [{\"value\": \"FID-45-116423-4\", \"system\": \"FID\"}, {\"value\": \"5885\", \"system\": \"SladeCode\"}]}, \"claimSubType\": \"ip\", \"practitioner\": null, \"approvedAmount\": 25000, \"billablePeriod\": {\"created\": \"2025-08-27\", \"billableEnd\": \"2025-08-04\", \"billableStart\": \"2025-08-01\"}, \"submissionDate\": \"2025-08-27T14:20:03.334Z\", \"productOrService\": [{\"net\": {\"value\": 30000, \"currency\": \"KES\"}, \"code\": \"SHA-06-022\", \"display\": \"Chemotherapy medicines\", \"quantity\": {\"value\": \"1\"}, \"sequence\": 1, \"unitPrice\": {\"value\": 30000, \"currency\": \"KES\"}, \"servicePeriod\": {\"end\": \"2025-08-04\", \"start\": \"2025-08-01\"}}]}}','SHA-06-022','2025-08-27 14:31:23','2025-08-27 14:31:23',NULL,NULL),(70,75,'Test Exact Billable Amount (SHA-13-001)','positive','{\"formData\": {\"use\": \"claim\", \"test\": \"positive\", \"title\": \"Test Exact Billable Amount (SHA-13-001)\", \"total\": {\"value\": 2240, \"currency\": \"KES\"}, \"patient\": {\"id\": \"CR7837653726243-4\", \"name\": \"ROY MWENDA MOKI\", \"gender\": \"male\", \"birthDate\": \"1986-12-08\", \"identifiers\": [{\"use\": \"official\", \"value\": \"CR7837653726243-4\", \"system\": \"https://qa-mis.apeiro-digital.com/fhir/identifier/shanumber\"}]}, \"provider\": {\"id\": \"FID-47-108846-4\", \"name\": \"NAIROBI WEST HOSPITAL\", \"level\": \"LEVEL 6B\", \"active\": true, \"identifiers\": [{\"value\": \"FID-47-108846-4\", \"system\": \"FID\"}, {\"value\": \"5885\", \"system\": \"SladeCode\"}]}, \"claimSubType\": \"ip\", \"billablePeriod\": {\"created\": \"2025-07-18\", \"billableEnd\": \"2025-07-10\", \"billableStart\": \"2025-07-08\"}, \"productOrService\": [{\"net\": {\"value\": 2240, \"currency\": \"KES\"}, \"code\": \"SHA-13-001\", \"display\": \"Palliative Care\", \"quantity\": {\"value\": \"1\"}, \"sequence\": 1, \"unitPrice\": {\"value\": 2240, \"currency\": \"KES\"}, \"servicePeriod\": {\"end\": \"2025-07-10\", \"start\": \"2025-07-08\"}}]}}','SHA-13-001','2025-08-27 14:39:12','2025-08-27 14:39:12',NULL,NULL),(71,75,'Test Eligible Facility level (SHA-13-001)','negative','{\"formData\": {\"use\": \"claim\", \"test\": \"negative\", \"title\": \"Test Eligible Facility level (SHA-13-001)\", \"total\": {\"value\": 2240, \"currency\": \"KES\"}, \"patient\": {\"id\": \"CR2946332632384-9\", \"name\": \"BENARD WANJOHI NJOROGE\", \"gender\": \"male\", \"birthDate\": \"1985-01-18\", \"identifiers\": [{\"use\": \"official\", \"value\": \"CR2946332632384-9\", \"system\": \" https://qa-sha.apeiro-digital.com/fhir/identifier/shanumber\"}]}, \"provider\": {\"id\": \"FID-20-103850-2\", \"name\": \"NGUGUINI DISPENSARY\", \"level\": \"LEVEL 2\", \"active\": true, \"identifiers\": [{\"value\": \"FID-20-103850-2\", \"system\": \"FID\"}, {\"value\": \"5885\", \"system\": \"SladeCode\"}]}, \"claimSubType\": \"ip\", \"billablePeriod\": {\"created\": \"2025-07-18\", \"billableEnd\": \"2025-07-10\", \"billableStart\": \"2025-07-08\"}, \"productOrService\": [{\"net\": {\"value\": 2240, \"currency\": \"KES\"}, \"code\": \"SHA-13-001\", \"display\": \"Palliative Care\", \"quantity\": {\"value\": \"1\"}, \"sequence\": 1, \"unitPrice\": {\"value\": 2240, \"currency\": \"KES\"}, \"servicePeriod\": {\"end\": \"2025-07-10\", \"start\": \"2025-07-08\"}}]}}','SHA-13-001','2025-08-27 14:40:03','2025-08-27 14:40:03',NULL,NULL),(72,75,'Test Higher Amount(SHA-13-001)','negative','{\"formData\": {\"use\": \"claim\", \"test\": \"negative\", \"title\": \"Test Higher Amount(SHA-13-001)\", \"total\": {\"value\": 6600, \"currency\": \"KES\"}, \"patient\": {\"id\": \"CR3332641356191-6\", \"name\": \"JOYCE MBONE KULIVARUA\", \"gender\": \"female\", \"birthDate\": \"1987-06-06\", \"identifiers\": [{\"use\": \"official\", \"value\": \"CR3332641356191-6\", \"system\": \" https://qa-sha.apeiro-digital.com/fhir/identifier/shanumber\"}]}, \"provider\": {\"id\": \"FID-20-105762-7\", \"name\": \"KIRINYAGA TREATMENT CENTRE\", \"level\": \"LEVEL 4\", \"active\": true, \"identifiers\": [{\"value\": \"FID-20-105762-7\", \"system\": \"FID\"}, {\"value\": \"5885\", \"system\": \"SladeCode\"}]}, \"claimSubType\": \"ip\", \"billablePeriod\": {\"created\": \"2025-07-18\", \"billableEnd\": \"2025-07-10\", \"billableStart\": \"2025-07-08\"}, \"productOrService\": [{\"net\": {\"value\": 6600, \"currency\": \"KES\"}, \"code\": \"SHA-13-001\", \"display\": \"Palliative Care\", \"quantity\": {\"value\": \"1\"}, \"sequence\": 1, \"unitPrice\": {\"value\": 6600, \"currency\": \"KES\"}, \"servicePeriod\": {\"end\": \"2025-07-10\", \"start\": \"2025-07-08\"}}]}}','SHA-13-001','2025-08-27 14:44:14','2025-08-27 14:44:14',NULL,NULL),(73,75,'Test more than 180 days(SHA-13-001)','negative','{\"formData\": {\"use\": \"claim\", \"test\": \"negative\", \"title\": \"Test more than 180 days(SHA-13-001)\", \"total\": {\"value\": 450000, \"currency\": \"KES\"}, \"patient\": {\"id\": \"CR7635833934807-6\", \"name\": \"BENARD OMBUOGHR OTIENO\", \"gender\": \"male\", \"birthDate\": \"1992-07-27\", \"identifiers\": [{\"use\": \"official\", \"value\": \"CR7635833934807-6\", \"system\": \"https://qa-mis.apeiro-digital.com/fhir/identifier/shanumber\"}]}, \"provider\": {\"id\": \"FID-47-108521-3\", \"name\": \"KENYATTA NATIONAL HOSPITAL\", \"level\": \"LEVEL 6A\", \"active\": true, \"identifiers\": [{\"value\": \"FID-47-108521-3\", \"system\": \"FID\"}, {\"value\": \"5885\", \"system\": \"SladeCode\"}]}, \"claimSubType\": \"ip\", \"billablePeriod\": {\"created\": \"2025-07-18\", \"billableEnd\": \"2025-07-10\", \"billableStart\": \"2025-01-08\"}, \"productOrService\": [{\"net\": {\"value\": 450000, \"currency\": \"KES\"}, \"code\": \"SHA-13-001\", \"display\": \"Palliative Care\", \"quantity\": {\"value\": \"1\"}, \"sequence\": 1, \"unitPrice\": {\"value\": 450000, \"currency\": \"KES\"}, \"servicePeriod\": {\"end\": \"2025-07-10\", \"start\": \"2025-01-08\"}}]}}','SHA-13-001','2025-08-27 14:47:13','2025-08-27 14:47:13',NULL,NULL),(74,75,'Test Access Point(OP)(SHA-13-001)','negative','{\"formData\": {\"use\": \"claim\", \"test\": \"negative\", \"title\": \"Test Access Point(OP)(SHA-13-001)\", \"total\": {\"value\": 4480, \"currency\": \"KES\"}, \"patient\": {\"id\": \"CR8486698969488-8\", \"name\": \"GLADYS MBEKE KIOKO\", \"gender\": \"female\", \"birthDate\": \"976-09-22\", \"identifiers\": [{\"use\": \"official\", \"value\": \"CR8486698969488-8\", \"system\": \"https://qa-mis.apeiro-digital.com/fhir/identifier/shanumber\"}]}, \"provider\": {\"id\": \"FID-47-108521-3\", \"name\": \"KENYATTA NATIONAL HOSPITAL\", \"level\": \"LEVEL 6A\", \"active\": true, \"identifiers\": [{\"value\": \"FID-47-108521-3\", \"system\": \"FID\"}, {\"value\": \"5885\", \"system\": \"SladeCode\"}]}, \"claimSubType\": \"op\", \"billablePeriod\": {\"created\": \"2025-07-18\", \"billableEnd\": \"2025-07-10\", \"billableStart\": \"2025-01-08\"}, \"productOrService\": [{\"net\": {\"value\": 4480, \"currency\": \"KES\"}, \"code\": \"SHA-13-001\", \"display\": \"Palliative Care\", \"quantity\": {\"value\": \"1\"}, \"sequence\": 1, \"unitPrice\": {\"value\": 4480, \"currency\": \"KES\"}, \"servicePeriod\": {\"end\": \"2025-07-10\", \"start\": \"2025-01-08\"}}]}}','SHA-13-001','2025-08-27 14:47:48','2025-08-27 14:47:48',NULL,NULL),(75,19,'Test Exact Amount(SHA-07-001)','positive','{\"type\": \"positive\", \"formData\": {\"use\": \"claim\", \"test\": \"positive\", \"title\": \"Test Exact Amount(SHA-07-001)\", \"total\": {\"value\": 8960, \"currency\": \"KES\"}, \"patient\": {\"id\": \"CR8486698969488-8\", \"name\": \"GLADYS MBEKE KIOKO\", \"gender\": \"female\", \"birthDate\": \"1976-09-22\", \"identifiers\": [{\"use\": \"official\", \"value\": \"CR8486698969488-8\", \"system\": \"https://qa-mis.apeiro-digital.com/fhir/identifier/shanumber\"}]}, \"provider\": {\"id\": \"FID-47-108521-3\", \"name\": \"KENYATTA NATIONAL HOSPITAL\", \"level\": \"LEVEL 6A\", \"active\": true, \"identifiers\": [{\"value\": \"FID-47-108521-3\", \"system\": \"FID\"}, {\"value\": \"5885\", \"system\": \"SladeCode\"}]}, \"claimSubType\": \"ip\", \"billablePeriod\": {\"created\": \"2025-07-18\", \"billableEnd\": \"2025-07-10\", \"billableStart\": \"2025-07-08\"}, \"productOrService\": [{\"net\": {\"value\": 8960, \"currency\": \"KES\"}, \"code\": \"SHA-07-001\", \"display\": \"Management of medical cases\", \"quantity\": {\"value\": \"1\"}, \"sequence\": 1, \"unitPrice\": {\"value\": 8960, \"currency\": \"KES\"}, \"servicePeriod\": {\"end\": \"2025-07-10\", \"start\": \"2025-07-08\"}}]}}','SHA-07-001','2025-08-27 14:49:47','2025-09-03 13:06:43',NULL,NULL),(76,60,'Test SHIF utilization(Amount-200,000) for (SHA-06-022)','positive','{\"type\": \"positive\", \"formData\": {\"use\": \"preauth-claim\", \"test\": \"positive\", \"title\": \"Test SHIF utilization(Amount-200,000) for (SHA-06-022)\", \"total\": {\"value\": 200000, \"currency\": \"KES\"}, \"patient\": {\"id\": \"CR0680969605010-6\", \"name\": \"WINNIE BOIT JEPKEMOI\", \"gender\": \"female\", \"birthDate\": \"1978-09-07\", \"identifiers\": [{\"value\": \"CR0680969605010-6\", \"system\": \"SHA\"}, {\"value\": \"0682501720\", \"system\": \"NationalID\"}]}, \"provider\": {\"id\": \"FID-22-115390-3\", \"name\": \"THIKA COUNTY REFERRAL HOSPITAL\", \"level\": \"LEVEL 5\", \"active\": true, \"identifiers\": [{\"value\": \"FID-22-115390-3\", \"system\": \"FID\"}, {\"value\": \"5885\", \"system\": \"SladeCode\"}]}, \"claimSubType\": \"ip\", \"practitioner\": null, \"approvedAmount\": 180000, \"billablePeriod\": {\"created\": \"2025-08-19T10:29:10.062Z\", \"billableEnd\": \"2025-08-03\", \"billableStart\": \"2025-08-01\"}, \"relatedClaimId\": \"\", \"productOrService\": [{\"net\": {\"value\": 200000, \"currency\": \"KES\"}, \"code\": \"SHA-06-022\", \"display\": \"Hemo dialysis\", \"quantity\": {\"value\": \"1\"}, \"sequence\": 1, \"unitPrice\": {\"value\": 200000, \"currency\": \"KES\"}, \"servicePeriod\": {\"end\": \"2025-08-03\", \"start\": \"2025-08-01\"}}]}}','SHA-06-022','2025-08-29 07:41:58','2025-08-29 08:02:56',NULL,NULL),(77,60,'Test SHIF utilization(Amount-250,000) for (SHA-06-022)','Positive','{\"formData\": {\"use\": \"pre-claim\", \"test\": \"Positive\", \"title\": \"Test SHIF utilization(Amount-250,000) for (SHA-06-022)\", \"total\": {\"value\": 250000, \"currency\": \"KES\"}, \"patient\": {\"id\": \"CR0680969605010-6\", \"name\": \"WINNIE BOIT JEPKEMOI\", \"gender\": \"female\", \"birthDate\": \"1978-09-07\", \"identifiers\": [{\"value\": \"CR0680969605010-6\", \"system\": \"SHA\"}, {\"value\": \"0682501720\", \"system\": \"NationalID\"}]}, \"provider\": {\"id\": \"FID-22-115390-3\", \"name\": \"THIKA COUNTY REFERRAL HOSPITAL\", \"level\": \"LEVEL 5\", \"active\": true, \"identifiers\": [{\"value\": \"FID-22-115390-3\", \"system\": \"FID\"}, {\"value\": \"5885\", \"system\": \"SladeCode\"}]}, \"claimSubType\": \"ip\", \"practitioner\": null, \"approvedAmount\": 220000, \"billablePeriod\": {\"created\": \"2025-08-19T10:29:10.062Z\", \"billableEnd\": \"2025-08-06\", \"billableStart\": \"2025-08-04\"}, \"relatedClaimId\": \"\", \"productOrService\": [{\"net\": {\"value\": 250000, \"currency\": \"KES\"}, \"code\": \"SHA-06-022\", \"display\": \"Hemo dialysis\", \"quantity\": {\"value\": \"1\"}, \"sequence\": 1, \"unitPrice\": {\"value\": 250000, \"currency\": \"KES\"}, \"servicePeriod\": {\"end\": \"2025-08-06\", \"start\": \"2025-08-04\"}}]}}','SHA-06-022','2025-08-29 07:44:10','2025-08-29 07:44:10',NULL,NULL),(78,60,'Test ECCIF transition (Amount-150,000) for (SHA-06-022)','positive','{\"type\": \"positive\", \"formData\": {\"use\": \"preauth-claim\", \"test\": \"positive\", \"title\": \"Test ECCIF transition (Amount-150,000) for (SHA-06-022)\", \"total\": {\"value\": 150000, \"currency\": \"KES\"}, \"patient\": {\"id\": \"CR0680969605010-6\", \"name\": \"WINNIE BOIT JEPKEMOI\", \"gender\": \"female\", \"birthDate\": \"1978-09-07\", \"identifiers\": [{\"value\": \"CR0680969605010-6\", \"system\": \"SHA\"}, {\"value\": \"0682501720\", \"system\": \"NationalID\"}]}, \"provider\": {\"id\": \"FID-22-115390-3\", \"name\": \"THIKA COUNTY REFERRAL HOSPITAL\", \"level\": \"LEVEL 5\", \"active\": true, \"identifiers\": [{\"value\": \"FID-22-115390-3\", \"system\": \"FID\"}, {\"value\": \"5885\", \"system\": \"SladeCode\"}]}, \"claimSubType\": \"ip\", \"practitioner\": null, \"approvedAmount\": 100000, \"billablePeriod\": {\"created\": \"2025-08-19T10:29:10.062Z\", \"billableEnd\": \"2025-08-09\", \"billableStart\": \"2025-08-07\"}, \"relatedClaimId\": \"\", \"productOrService\": [{\"net\": {\"value\": 150000, \"currency\": \"KES\"}, \"code\": \"SHA-06-022\", \"display\": \"Hemo dialysis\", \"quantity\": {\"value\": \"1\"}, \"sequence\": 1, \"unitPrice\": {\"value\": 150000, \"currency\": \"KES\"}, \"servicePeriod\": {\"end\": \"2025-08-09\", \"start\": \"2025-08-07\"}}]}}','SHA-06-022','2025-08-29 07:46:47','2025-08-29 08:03:53',NULL,NULL),(79,60,'Test Unutilized preauth (Amount-50,000) for (SHA-06-022)','positive','{\"formData\": {\"use\": \"preauthorization\", \"test\": \"positive\", \"title\": \"Test Unutilized preauth (Amount-50,000) for (SHA-06-022)\", \"total\": {\"value\": 50000, \"currency\": \"KES\"}, \"patient\": {\"id\": \"CR0680969605010-6\", \"name\": \"WINNIE BOIT JEPKEMOI\", \"gender\": \"female\", \"birthDate\": \"1978-09-07\", \"identifiers\": [{\"value\": \"CR0680969605010-6\", \"system\": \"SHA\"}, {\"value\": \"0682501720\", \"system\": \"NationalID\"}]}, \"provider\": {\"id\": \"FID-22-115390-3\", \"name\": \"THIKA COUNTY REFERRAL HOSPITAL\", \"level\": \"LEVEL 5\", \"active\": true, \"identifiers\": [{\"value\": \"FID-22-115390-3\", \"system\": \"FID\"}, {\"value\": \"5885\", \"system\": \"SladeCode\"}]}, \"claimSubType\": \"ip\", \"practitioner\": null, \"approvedAmount\": 0, \"billablePeriod\": {\"created\": \"2025-08-19T10:29:10.062Z\", \"billableEnd\": \"2025-08-12\", \"billableStart\": \"2025-08-10\"}, \"relatedClaimId\": \"\", \"productOrService\": [{\"net\": {\"value\": 50000, \"currency\": \"KES\"}, \"code\": \"SHA-06-022\", \"display\": \"Hemo dialysis\", \"quantity\": {\"value\": \"1\"}, \"sequence\": 1, \"unitPrice\": {\"value\": 50000, \"currency\": \"KES\"}, \"servicePeriod\": {\"end\": \"2025-08-12\", \"start\": \"2025-08-10\"}}]}}','SHA-06-022','2025-08-29 07:49:15','2025-08-29 07:49:15',NULL,NULL),(80,60,'Test New Preath while Unutilized preauth exists for (SHA-06-022)','negative','{\"formData\": {\"use\": \"preauth-claim\", \"test\": \"positive\", \"title\": \"Test New Preath while Unutilized preauth exists for (SHA-06-022)\", \"total\": {\"value\": 50000, \"currency\": \"KES\"}, \"patient\": {\"id\": \"CR0680969605010-6\", \"name\": \"WINNIE BOIT JEPKEMOI\", \"gender\": \"female\", \"birthDate\": \"1978-09-07\", \"identifiers\": [{\"value\": \"CR0680969605010-6\", \"system\": \"SHA\"}, {\"value\": \"0682501720\", \"system\": \"NationalID\"}]}, \"provider\": {\"id\": \"FID-22-115390-3\", \"name\": \"THIKA COUNTY REFERRAL HOSPITAL\", \"level\": \"LEVEL 5\", \"active\": true, \"identifiers\": [{\"value\": \"FID-22-115390-3\", \"system\": \"FID\"}, {\"value\": \"5885\", \"system\": \"SladeCode\"}]}, \"claimSubType\": \"ip\", \"practitioner\": null, \"approvedAmount\": 50000, \"billablePeriod\": {\"created\": \"2025-08-19T10:29:10.062Z\", \"billableEnd\": \"2025-08-18\", \"billableStart\": \"2025-08-16\"}, \"relatedClaimId\": \"\", \"productOrService\": [{\"net\": {\"value\": 50000, \"currency\": \"KES\"}, \"code\": \"SHA-06-022\", \"display\": \"Hemo dialysis\", \"quantity\": {\"value\": \"1\"}, \"sequence\": 1, \"unitPrice\": {\"value\": 50000, \"currency\": \"KES\"}, \"servicePeriod\": {\"end\": \"2025-08-18\", \"start\": \"2025-08-16\"}}]}}','SHA-06-022','2025-08-29 07:58:17','2025-08-29 07:59:39',NULL,NULL),(81,37,'Test Eligible Facility level 2 (SHA-08-005)','positive','{\"formData\": {\"use\": \"claim\", \"test\": \"positive\", \"title\": \"Test Eligible Facility level 2 (SHA-08-005)\", \"total\": {\"value\": 10000, \"currency\": \"KES\"}, \"patient\": {\"id\": \"CR1394613391826-2\", \"name\": \"JANE MBULA MUOKI\", \"gender\": \"female\", \"birthDate\": \"1997-08-07\", \"identifiers\": [{\"use\": \"official\", \"value\": \"CR1394613391826-2\", \"system\": \" https://qa-sha.apeiro-digital.com/fhir/identifier/shanumber\"}]}, \"provider\": {\"id\": \"FID-20-103850-2\", \"name\": \"NGUGUINI DISPENSARY\", \"level\": \"LEVEL 2\", \"active\": true, \"identifiers\": [{\"value\": \"FID-20-103850-2\", \"system\": \"FID\"}, {\"value\": \"5885\", \"system\": \"SladeCode\"}]}, \"claimSubType\": \"ip\", \"billablePeriod\": {\"created\": \"2025-07-18\", \"billableEnd\": \"2025-08-02\", \"billableStart\": \"2025-08-01\"}, \"productOrService\": [{\"net\": {\"value\": 10000, \"currency\": \"KES\"}, \"code\": \"SHA-08-005\", \"display\": \"Vaginal Delivery\", \"quantity\": {\"value\": \"1\"}, \"sequence\": 1, \"unitPrice\": {\"value\": 10000, \"currency\": \"KES\"}, \"servicePeriod\": {\"end\": \"2025-08-02\", \"start\": \"2025-08-01\"}}]}}','SHA-08-005','2025-08-29 10:39:52','2025-09-09 08:34:28',NULL,NULL),(82,37,'Test Applicable Patient Gender Female (SHA-08-005)','positive','{\"type\": \"positive\", \"formData\": {\"use\": \"claim\", \"test\": \"positive\", \"title\": \"Test Applicable Patient Gender Female (SHA-08-005)\", \"total\": {\"value\": 10000, \"currency\": \"KES\"}, \"patient\": {\"id\": \"CR5191859758374-5\", \"name\": \"WENDY TRACY OPARI\", \"gender\": \"female\", \"birthDate\": \"2011-01-27\", \"identifiers\": [{\"use\": \"official\", \"value\": \"CR5191859758374-5\", \"system\": \"https://qa-mis.apeiro-digital.com/fhir/identifier/shanumber\"}]}, \"provider\": {\"id\": \"FID-20-103850-2\", \"name\": \"NGUGUINI DISPENSARY\", \"level\": \"LEVEL 2\", \"active\": true, \"identifiers\": [{\"value\": \"FID-20-103850-2\", \"system\": \"FID\"}, {\"value\": \"5885\", \"system\": \"SladeCode\"}]}, \"claimSubType\": \"ip\", \"billablePeriod\": {\"created\": \"2025-07-18\", \"billableEnd\": \"2025-08-02\", \"billableStart\": \"2025-08-01\"}, \"productOrService\": [{\"net\": {\"value\": 10000, \"currency\": \"KES\"}, \"code\": \"SHA-08-005\", \"display\": \"Vaginal Delivery\", \"quantity\": {\"value\": \"1\"}, \"sequence\": 1, \"unitPrice\": {\"value\": 10000, \"currency\": \"KES\"}, \"servicePeriod\": {\"end\": \"2025-08-02\", \"start\": \"2025-08-01\"}}]}}','SHA-08-005','2025-08-29 12:45:49','2025-09-02 14:22:41',NULL,NULL),(83,37,'Test Applicable Patient Age >55yrs (SHA-08-005)','positive','{\"formData\": {\"use\": \"claim\", \"test\": \"positive\", \"title\": \"Test Applicable Patient Age >55yrs (SHA-08-005)\", \"total\": {\"value\": 10000, \"currency\": \"KES\"}, \"patient\": {\"id\": \"CR9537605340521-8\", \"name\": \"ROSE JUMA AWINO\", \"gender\": \"female\", \"birthDate\": \"1990-11-23\", \"identifiers\": [{\"use\": \"official\", \"value\": \"CR9537605340521-8\", \"system\": \"https://qa-mis.apeiro-digital.com/fhir/identifier/shanumber\"}]}, \"provider\": {\"id\": \"FID-20-103850-2\", \"name\": \"NGUGUINI DISPENSARY\", \"level\": \"LEVEL 2\", \"active\": true, \"identifiers\": [{\"value\": \"FID-20-103850-2\", \"system\": \"FID\"}, {\"value\": \"5885\", \"system\": \"SladeCode\"}]}, \"claimSubType\": \"ip\", \"billablePeriod\": {\"created\": \"2025-07-18\", \"billableEnd\": \"2025-08-02\", \"billableStart\": \"2025-08-01\"}, \"productOrService\": [{\"net\": {\"value\": 10000, \"currency\": \"KES\"}, \"code\": \"SHA-08-005\", \"display\": \"Vaginal Delivery\", \"quantity\": {\"value\": \"1\"}, \"sequence\": 1, \"unitPrice\": {\"value\": 10000, \"currency\": \"KES\"}, \"servicePeriod\": {\"end\": \"2025-08-02\", \"start\": \"2025-08-01\"}}]}}','SHA-08-005','2025-08-29 12:47:07','2025-08-29 12:47:07',NULL,NULL),(84,37,'Test Applicable Access Path - Inpatient (SHA-08-005)','positive','{\"formData\": {\"use\": \"claim\", \"test\": \"positive\", \"title\": \"Test Applicable Access Path - Inpatient (SHA-08-005)\", \"total\": {\"value\": 10000, \"currency\": \"KES\"}, \"patient\": {\"id\": \"CR7246756181585-2\", \"name\": \"CHRISTINE NANYAMA KISAKA\", \"gender\": \"female\", \"birthDate\": \"1994-12-25\", \"identifiers\": [{\"value\": \"CR7246756181585-2\", \"system\": \"https://qa-mis.apeiro-digital.com/fhir/identifier}\"}, {\"value\": \"CR7246756181585-2\", \"system\": \"NationalID\"}]}, \"provider\": {\"id\": \"FID-20-103850-2\", \"name\": \"NGUGUINI DISPENSARY\", \"level\": \"LEVEL 2\", \"active\": true, \"identifiers\": [{\"value\": \"FID-20-103850-2\", \"system\": \"FID\"}, {\"value\": \"5885\", \"system\": \"SladeCode\"}]}, \"claimSubType\": \"ip\", \"billablePeriod\": {\"created\": \"2025-07-18\", \"billableEnd\": \"2025-08-02\", \"billableStart\": \"2025-08-01\"}, \"productOrService\": [{\"net\": {\"value\": 10000, \"currency\": \"KES\"}, \"code\": \"SHA-08-005\", \"display\": \"Vaginal Delivery\", \"quantity\": {\"value\": \"1\"}, \"sequence\": 1, \"unitPrice\": {\"value\": 10000, \"currency\": \"KES\"}, \"servicePeriod\": {\"end\": \"2025-08-02\", \"start\": \"2025-08-01\"}}]}}','SHA-08-005','2025-08-29 12:50:39','2025-08-29 12:50:39',NULL,NULL),(85,37,'Test Code Combination after 48hr Lapse (SHA-08-005)','positive','{\"formData\": {\"use\": \"claim\", \"test\": \"positive\", \"title\": \"Test Code Combination after 48hr Lapse (SHA-08-005)\", \"total\": {\"value\": 16720, \"currency\": \"KES\"}, \"patient\": {\"id\": \"CR7246756181585-2\", \"name\": \"CHRISTINE NANYAMA KISAKA\", \"gender\": \"female\", \"birthDate\": \"1994-12-25\", \"identifiers\": [{\"value\": \"CR7246756181585-2\", \"system\": \"https://qa-mis.apeiro-digital.com/fhir/identifier}\"}, {\"value\": \"CR7246756181585-2\", \"system\": \"NationalID\"}]}, \"provider\": {\"id\": \"FID-45-116336-8\", \"name\": \"BOIGE HEALTH CENTRE\", \"level\": \"LEVEL 3A\", \"active\": true, \"identifiers\": [{\"value\": \"FID-45-116336-8\", \"system\": \"FID\"}, {\"value\": \"5885\", \"system\": \"SladeCode\"}]}, \"claimSubType\": \"ip\", \"billablePeriod\": {\"created\": \"2025-07-18\", \"billableEnd\": \"2025-08-06\", \"billableStart\": \"2025-08-01\"}, \"productOrService\": [{\"net\": {\"value\": 10000, \"currency\": \"KES\"}, \"code\": \"SHA-08-005\", \"display\": \"Vaginal Delivery\", \"quantity\": {\"value\": \"1\"}, \"sequence\": 1, \"unitPrice\": {\"value\": 10000, \"currency\": \"KES\"}, \"servicePeriod\": {\"end\": \"2025-08-02\", \"start\": \"2025-08-01\"}}, {\"net\": {\"value\": 6720, \"currency\": \"KES\"}, \"code\": \"SHA-07-005\", \"display\": \"Post-partum Complications\", \"quantity\": {\"value\": \"1\"}, \"sequence\": 2, \"unitPrice\": {\"value\": 6720, \"currency\": \"KES\"}, \"servicePeriod\": {\"end\": \"2025-08-06\", \"start\": \"2025-08-04\"}}]}}','SHA-08-005','2025-08-29 13:04:56','2025-09-02 14:12:51',NULL,NULL),(86,37,'Test Applicable Patient Gender Male (SHA-08-005)','negative','{\"type\": \"negative\", \"formData\": {\"use\": \"claim\", \"test\": \"negative\", \"title\": \"Test Applicable Patient Gender Male (SHA-08-005)\", \"total\": {\"value\": 10000, \"currency\": \"KES\"}, \"patient\": {\"id\": \"CR9105339482706-1\", \"name\": \"MOSE NYANGARESI BENFRED\", \"gender\": \"male\", \"birthDate\": \"1988-12-31\", \"identifiers\": [{\"value\": \"CR9105339482706-1\", \"system\": \"https://qa-mis.apeiro-digital.com/fhir/identifier}\"}, {\"value\": \"CR9105339482706-1\", \"system\": \"NationalID\"}]}, \"provider\": {\"id\": \"FID-20-103850-2\", \"name\": \"NGUGUINI DISPENSARY\", \"level\": \"LEVEL 2\", \"active\": true, \"identifiers\": [{\"value\": \"FID-20-103850-2\", \"system\": \"FID\"}, {\"value\": \"5885\", \"system\": \"SladeCode\"}]}, \"claimSubType\": \"ip\", \"billablePeriod\": {\"created\": \"2025-07-18\", \"billableEnd\": \"2025-08-02\", \"billableStart\": \"2025-08-01\"}, \"productOrService\": [{\"net\": {\"value\": 10000, \"currency\": \"KES\"}, \"code\": \"SHA-08-005\", \"display\": \"Vaginal Delivery\", \"quantity\": {\"value\": \"1\"}, \"sequence\": 1, \"unitPrice\": {\"value\": 10000, \"currency\": \"KES\"}, \"servicePeriod\": {\"end\": \"2025-08-02\", \"start\": \"2025-08-01\"}}]}}','SHA-08-005','2025-09-02 13:49:52','2025-09-02 13:49:52',NULL,NULL),(87,37,'Test Applicable Access Path - Outpatient (SHA-08-005)','negative','{\"formData\": {\"use\": \"claim\", \"test\": \"negative\", \"title\": \"Test Applicable Access Path - Outpatient (SHA-08-005)\", \"total\": {\"value\": 10000, \"currency\": \"KES\"}, \"patient\": {\"id\": \"CR7246756181585-2\", \"name\": \"CHRISTINE NANYAMA KISAKA\", \"gender\": \"female\", \"birthDate\": \"1994-12-25\", \"identifiers\": [{\"value\": \"CR7246756181585-2\", \"system\": \"https://qa-mis.apeiro-digital.com/fhir/identifier}\"}, {\"value\": \"CR7246756181585-2\", \"system\": \"NationalID\"}]}, \"provider\": {\"id\": \"FID-20-103850-2\", \"name\": \"NGUGUINI DISPENSARY\", \"level\": \"LEVEL 2\", \"active\": true, \"identifiers\": [{\"value\": \"FID-20-103850-2\", \"system\": \"FID\"}, {\"value\": \"5885\", \"system\": \"SladeCode\"}]}, \"claimSubType\": \"op\", \"billablePeriod\": {\"created\": \"2025-07-18\", \"billableEnd\": \"2025-08-02\", \"billableStart\": \"2025-08-01\"}, \"productOrService\": [{\"net\": {\"value\": 10000, \"currency\": \"KES\"}, \"code\": \"SHA-08-005\", \"display\": \"Vaginal Delivery\", \"quantity\": {\"value\": \"1\"}, \"sequence\": 1, \"unitPrice\": {\"value\": 10000, \"currency\": \"KES\"}, \"servicePeriod\": {\"end\": \"2025-08-02\", \"start\": \"2025-08-01\"}}]}}','SHA-08-005','2025-09-02 13:57:31','2025-09-02 13:57:31',NULL,NULL),(88,37,'Test Code Combination before 48hr Lapse (SHA-08-005)','negative','{\"formData\": {\"use\": \"claim\", \"test\": \"negative\", \"title\": \"Test Code Combination before 48hr Lapse (SHA-08-005)\", \"total\": {\"value\": 16720, \"currency\": \"KES\"}, \"patient\": {\"id\": \"CR7246756181585-2\", \"name\": \"CHRISTINE NANYAMA KISAKA\", \"gender\": \"female\", \"birthDate\": \"1994-12-25\", \"identifiers\": [{\"value\": \"CR7246756181585-2\", \"system\": \"https://qa-mis.apeiro-digital.com/fhir/identifier}\"}, {\"value\": \"CR7246756181585-2\", \"system\": \"NationalID\"}]}, \"provider\": {\"id\": \"FID-45-116336-8\", \"name\": \"BOIGE HEALTH CENTRE\", \"level\": \"LEVEL 3A\", \"active\": true, \"identifiers\": [{\"value\": \"FID-45-116336-8\", \"system\": \"FID\"}, {\"value\": \"5885\", \"system\": \"SladeCode\"}]}, \"claimSubType\": \"ip\", \"billablePeriod\": {\"created\": \"2025-07-18\", \"billableEnd\": \"2025-08-04\", \"billableStart\": \"2025-08-01\"}, \"productOrService\": [{\"net\": {\"value\": 10000, \"currency\": \"KES\"}, \"code\": \"SHA-08-005\", \"display\": \"Vaginal Delivery\", \"quantity\": {\"value\": \"1\"}, \"sequence\": 1, \"unitPrice\": {\"value\": 10000, \"currency\": \"KES\"}, \"servicePeriod\": {\"end\": \"2025-08-02\", \"start\": \"2025-08-01\"}}, {\"net\": {\"value\": 6720, \"currency\": \"KES\"}, \"code\": \"SHA-07-005\", \"display\": \"Post-partum Complications\", \"quantity\": {\"value\": \"1\"}, \"sequence\": 2, \"unitPrice\": {\"value\": 6720, \"currency\": \"KES\"}, \"servicePeriod\": {\"end\": \"2025-08-02\", \"start\": \"2025-08-04\"}}]}}','SHA-08-005','2025-09-02 14:01:40','2025-09-02 14:23:54',NULL,NULL),(89,37,'Test Allowed Tarrif Amount 10,000 (SHA-08-005)','positive','{\"formData\": {\"use\": \"claim\", \"test\": \"positive\", \"title\": \"Test Allowed Tarrif Amount 10,000 (SHA-08-005)\", \"total\": {\"value\": 10000, \"currency\": \"KES\"}, \"patient\": {\"id\": \"CR1394613391826-2\", \"name\": \"JANE MBULA MUOKI\", \"gender\": \"female\", \"birthDate\": \"1997-08-07\", \"identifiers\": [{\"use\": \"official\", \"value\": \"CR1394613391826-2\", \"system\": \" https://qa-sha.apeiro-digital.com/fhir/identifier/shanumber\"}]}, \"provider\": {\"id\": \"FID-20-103850-2\", \"name\": \"NGUGUINI DISPENSARY\", \"level\": \"LEVEL 2\", \"active\": true, \"identifiers\": [{\"value\": \"FID-20-103850-2\", \"system\": \"FID\"}, {\"value\": \"5885\", \"system\": \"SladeCode\"}]}, \"claimSubType\": \"ip\", \"billablePeriod\": {\"created\": \"2025-07-18\", \"billableEnd\": \"2025-08-02\", \"billableStart\": \"2025-08-01\"}, \"productOrService\": [{\"net\": {\"value\": 10000, \"currency\": \"KES\"}, \"code\": \"SHA-08-005\", \"display\": \"Vaginal Delivery\", \"quantity\": {\"value\": \"1\"}, \"sequence\": 1, \"unitPrice\": {\"value\": 10000, \"currency\": \"KES\"}, \"servicePeriod\": {\"end\": \"2025-08-02\", \"start\": \"2025-08-01\"}}]}}','SHA-08-005','2025-09-03 07:39:51','2025-09-03 07:39:51',NULL,NULL),(90,37,'Test Amount Greater than 10,000 (SHA-08-005)','negative','{\"formData\": {\"use\": \"claim\", \"test\": \"negative\", \"title\": \"Test Amount Greater than 10,000 (SHA-08-005)\", \"total\": {\"value\": 25000, \"currency\": \"KES\"}, \"patient\": {\"id\": \"CR1394613391826-2\", \"name\": \"JANE MBULA MUOKI\", \"gender\": \"female\", \"birthDate\": \"1997-08-07\", \"identifiers\": [{\"use\": \"official\", \"value\": \"CR1394613391826-2\", \"system\": \" https://qa-sha.apeiro-digital.com/fhir/identifier/shanumber\"}]}, \"provider\": {\"id\": \"FID-20-103850-2\", \"name\": \"NGUGUINI DISPENSARY\", \"level\": \"LEVEL 2\", \"active\": true, \"identifiers\": [{\"value\": \"FID-20-103850-2\", \"system\": \"FID\"}, {\"value\": \"5885\", \"system\": \"SladeCode\"}]}, \"claimSubType\": \"ip\", \"billablePeriod\": {\"created\": \"2025-07-18\", \"billableEnd\": \"2025-08-02\", \"billableStart\": \"2025-08-01\"}, \"productOrService\": [{\"net\": {\"value\": 25000, \"currency\": \"KES\"}, \"code\": \"SHA-08-005\", \"display\": \"Vaginal Delivery\", \"quantity\": {\"value\": \"1\"}, \"sequence\": 1, \"unitPrice\": {\"value\": 25000, \"currency\": \"KES\"}, \"servicePeriod\": {\"end\": \"2025-08-02\", \"start\": \"2025-08-01\"}}]}}','SHA-08-005','2025-09-03 07:48:20','2025-09-03 07:48:20',NULL,NULL),(91,74,'Test Applicable Facility Level 4 (SHA-10-005)','positive','{\"formData\": {\"use\": \"claim\", \"test\": \"positive\", \"title\": \"Test Applicable Facility Level 4 (SHA-10-005)\", \"total\": {\"value\": 67200, \"currency\": \"KES\"}, \"patient\": {\"id\": \"CR9322971803691-4\", \"name\": \"GLADYS KIPTUM\", \"gender\": \"female\", \"birthDate\": \"1987-12-31\", \"identifiers\": [{\"value\": \"CR9322971803691-4\", \"system\": \"https://qa-mis.apeiro-digital.com/fhir/identifier}\"}, {\"value\": \"CR9322971803691-4\", \"system\": \"NationalID\"}]}, \"provider\": {\"id\": \"FID-15-118451-9\", \"name\": \"BORDER POLICE HOSPITAL\", \"level\": \"LEVEL 4\", \"active\": true, \"identifiers\": [{\"value\": \"FID-15-118451-9\", \"system\": \"FID\"}, {\"value\": \"5885\", \"system\": \"SladeCode\"}]}, \"claimSubType\": \"ip\", \"billablePeriod\": {\"created\": \"2025-08-01\", \"billableEnd\": \"2025-09-04\", \"billableStart\": \"2025-07-19\"}, \"productOrService\": [{\"net\": {\"value\": 67200, \"currency\": \"KES\"}, \"code\": \"SHA-10-005\", \"display\": \"Rehabilitation for Drug & Substance Abuse\", \"quantity\": {\"value\": \"1\"}, \"sequence\": 1, \"unitPrice\": {\"value\": 67200, \"currency\": \"KES\"}, \"servicePeriod\": {\"end\": \"2025-09-04\", \"start\": \"2025-07-19\"}}]}}','SHA-10-005','2025-09-04 07:56:50','2025-09-04 08:08:19',NULL,NULL);
/*!40000 ALTER TABLE `testcase` ENABLE KEYS */;
UNLOCK TABLES;
/*!40103 SET TIME_ZONE=@OLD_TIME_ZONE */;

/*!40101 SET SQL_MODE=@OLD_SQL_MODE */;
/*!40014 SET FOREIGN_KEY_CHECKS=@OLD_FOREIGN_KEY_CHECKS */;
/*!40014 SET UNIQUE_CHECKS=@OLD_UNIQUE_CHECKS */;
/*!40101 SET CHARACTER_SET_CLIENT=@OLD_CHARACTER_SET_CLIENT */;
/*!40101 SET CHARACTER_SET_RESULTS=@OLD_CHARACTER_SET_RESULTS */;
/*!40101 SET COLLATION_CONNECTION=@OLD_COLLATION_CONNECTION */;
/*!40111 SET SQL_NOTES=@OLD_SQL_NOTES */;

-- Dump completed on 2025-11-06 11:07:18
